names, test_score_rating, academic_progress_rating,    college_readiness_rating, equity_overall_rating
Glenarden Woods Elementary School,10/10,,,10/10
Ocean City Elementary School,10/10,,,10/10
Frost Elementary School,10/10,9/10,,9/10
Four Seasons Elementary School,10/10,8/10,,10/10
Urbana Middle School,10/10,8/10,,9/10
Matapeake Middle School,9/10,,,9/10
Linthicum Elementary School,9/10,7/10,,8/10
Pershing Hill Elementary,8/10,8/10,,8/10
Hampstead Elementary School,10/10,,,8/10
Carroll Manor Elementary School,9/10,6/10,,8/10
Parkway Elementary School,9/10,9/10,,8/10
Urbana Elementary School,9/10,8/10,,9/10
Fallston High School,8/10,,9/10,8/10
North Harford Middle School,9/10,7/10,,8/10
Bel Air Middle School,10/10,8/10,,9/10
Fallston Middle School,10/10,8/10,,8/10
Clarksburg Elementary School,8/10,,,6/10
Poolesville Elementary School,9/10,8/10,,10/10
Heather Hills Elementary School,10/10,,,8/10
White Marsh Elementary School,9/10,5/10,,8/10
Stephen Decatur Middle School,9/10,,,6/10
Pocomoke Elementary School,9/10,,,9/10
Showell Elementary School,9/10,,,10/10
Chesapeake Science Point Public Charter School,8/10,7/10,10/10,9/10
Marriotts Ridge High School,9/10,,10/10,8/10
Barbara Ingram School For The Arts,9/10,,9/10,8/10
Dora Kennedy French Immersion,9/10,7/10,,8/10
Parkside Elementary School,8/10,8/10,,7/10
Bodkin Elementary School,8/10,6/10,,7/10
Central Elementary School,10/10,8/10,,9/10
Fort Smallwood Elementary School,8/10,8/10,,7/10
Pasadena Elementary School,9/10,,,7/10
Crofton Middle School,9/10,,,7/10
Baltimore Polytechnic Institute,8/10,,7/10,9/10
Chadwick Elementary School,7/10,7/10,,8/10
Chapel Hill Elementary School,10/10,9/10,,9/10
Sudbrook Magnet Middle School,8/10,8/10,,7/10
Parkville Middle & Center Of Technology,8/10,8/10,,8/10
Perry Hall Middle School,9/10,6/10,,6/10
Pine Grove Elementary School,8/10,7/10,,7/10
Mount Airy Middle School,10/10,,,8/10
North Carroll Middle School,9/10,6/10,,7/10
Oklahoma Road Middle School,10/10,8/10,,7/10
Linton Springs Elementary School,9/10,,,7/10
Dr. James Craik Elementary School,9/10,9/10,,9/10
South Dorchester School,9/10,8/10,,7/10
Urbana High School,8/10,,9/10,7/10
Middletown Middle School,9/10,8/10,,7/10
Sabillasville Elementary School,8/10,,,7/10
Fountain Green Elementary School,9/10,6/10,,7/10
Bel Air Elementary School,9/10,,,9/10
Southampton Middle School,9/10,7/10,,7/10
Hickory Elementary School,9/10,7/10,,7/10
Prospect Mill Elementary School,9/10,6/10,,7/10
Ring Factory Elementary School,10/10,8/10,,7/10
Manor Woods Elementary School,10/10,8/10,,7/10
Dunloggin Middle School,9/10,,,7/10
St. Johns Lane Elementary School,9/10,6/10,,9/10
Ellicott Mills Middle School,9/10,8/10,,7/10
Cashell Elementary School,9/10,,,9/10
Luxmanor Elementary School,10/10,9/10,,9/10
Capitol Heights Elementary School,7/10,7/10,,7/10
Martin Luther King Jr. Middle School,7/10,7/10,,7/10
Bayside Elementary School,8/10,7/10,,7/10
Chapel District Elementary School,8/10,,,7/10
Paramount Elementary School,8/10,7/10,,8/10
Fountaindale Elementary School,9/10,8/10,,5/10
Greenbrier Elementary School,9/10,9/10,,7/10
Smithsburg Middle School,8/10,7/10,,8/10
Mardela Middle & High School,8/10,7/10,7/10,8/10
Buckingham Elementary School,9/10,,,6/10
Piney Orchard Elementary School,9/10,9/10,,8/10
Oakdale Elementary School,9/10,,,7/10
Robert Goddard Montessori,9/10,,,8/10
Mt. Savage Elementary School,7/10,,,7/10
Huntingtown High School,8/10,,9/10,8/10
Centerville Elementary,10/10,7/10,,9/10
Little Bennett Elementary School,9/10,8/10,,7/10
Ebb Valley Elementary School,8/10,8/10,,7/10
Chesapeake Math and IT Academy,8/10,8/10,,9/10
College Park Academy,7/10,,,8/10
Beall Elementary School,8/10,8/10,,6/10
Flintstone Elementary School,7/10,8/10,,6/10
Washington Middle School,7/10,7/10,,7/10
Cash Valley Elementary School,7/10,8/10,,6/10
Central Middle School,9/10,,,8/10
Chesapeake High School,7/10,,6/10,6/10
Lake Shore Elementary School,8/10,7/10,,6/10
Magothy River Middle School,8/10,7/10,,7/10
Maryland City Elementary School,6/10,6/10,,6/10
Mayo Elementary School,9/10,6/10,,6/10
Oakwood Elementary School,7/10,6/10,,5/10
Ridgeway Elementary School,7/10,6/10,,7/10
Riviera Beach Elementary School,7/10,,,6/10
Severn River Middle School,9/10,7/10,,5/10
Severna Park Middle School,10/10,8/10,,
Shady Side Elementary School,8/10,5/10,,6/10
Southern Middle School,8/10,5/10,,7/10
Sunset Elementary School,8/10,6/10,,6/10
Crofton Meadows Elementary School,9/10,7/10,,7/10
Roland Park Elementary/Middle School,9/10,7/10,,5/10
Seven Oaks Elementary School,8/10,8/10,,4/10
Lutherville Laboratory,10/10,,,6/10
Gunpowder Elementary School,8/10,7/10,,4/10
Harford Hills Elementary School,7/10,6/10,,4/10
Kingsville Elementary School,9/10,8/10,,6/10
Stoneleigh Elementary School,10/10,8/10,,5/10
Summit Park Elementary School,10/10,7/10,,6/10
Woodbridge Elementary School,7/10,7/10,,6/10
Plum Point Middle School,8/10,7/10,,7/10
Beach Elementary School,9/10,6/10,,6/10
Huntingtown Elementary School,8/10,,,6/10
Mount Harmony Elementary School,9/10,8/10,,6/10
Northern Middle School,9/10,5/10,,6/10
Northern High School,8/10,,10/10,8/10
Patuxent High School,8/10,,7/10,8/10
Windy Hill Elementary School,9/10,8/10,,5/10
Sunderland Elementary School,10/10,8/10,,6/10
Friendship Valley Elementary School,8/10,5/10,,6/10
Runnymede Elementary School,8/10,6/10,,6/10
Eldersburg Elementary School,9/10,8/10,,6/10
Westminster Elementary School,8/10,,,8/10
Westminster West Middle School,9/10,6/10,,4/10
Malcolm Elementary School,8/10,8/10,,5/10
Mt Hope/Nanjemoy Elementary School,7/10,8/10,,5/10
Twin Ridge Elementary School,9/10,6/10,,6/10
Windsor Knolls Middle School,9/10,7/10,,8/10
Glade Elementary School,8/10,8/10,,8/10
Green Valley Elementary School,8/10,,,7/10
Lewistown Elementary School,8/10,8/10,,6/10
Liberty Elementary School,7/10,7/10,,6/10
Middletown High School,8/10,,10/10,6/10
North Frederick Elementary School,8/10,7/10,,6/10
Ballenger Creek Elementary School,7/10,7/10,,7/10
Northern Middle School,8/10,8/10,,6/10
Church Creek Elementary School,8/10,8/10,,5/10
Dublin Elementary School,8/10,8/10,,6/10
Forest Lakes Elementary School,9/10,5/10,,6/10
Havre De Grace Elementary School,7/10,8/10,,5/10
Havre De Grace High School,8/10,,6/10,8/10
Homestead/Wakefield Elementary School,9/10,,,8/10
Jarrettsville Elementary School,9/10,,,6/10
Joppatowne Elementary School,8/10,8/10,,8/10
Youths Benefit Elementary School,10/10,8/10,,6/10
North Harford Elementary School,8/10,7/10,,6/10
Burleigh Manor Middle School,9/10,8/10,,6/10
Atholton Elementary School,9/10,7/10,,8/10
Centennial High School,9/10,,10/10,5/10
Laurel Woods Elementary School,7/10,5/10,,6/10
Gorman Crossing Elementary School,8/10,6/10,,7/10
Rosa M. Parks Middle School,9/10,,,7/10
Rocky Hill Middle School,9/10,,,5/10
Ashburton Elementary School,8/10,7/10,,6/10
Candlewood Elementary School,9/10,,,7/10
Fallsmead Elementary School,10/10,8/10,,7/10
Glen Haven Elementary School,7/10,8/10,,6/10
John H. Poole Middle School,10/10,7/10,,8/10
Kingsview Middle School,9/10,7/10,,6/10
Rock Creek Valley Elementary School,8/10,7/10,,5/10
Thomas S. Wootton High School,9/10,,10/10,5/10
Walter Johnson High School,8/10,,10/10,6/10
Wheaton Woods Elementary School,7/10,8/10,,6/10
Tilden Middle School,9/10,,,7/10
Stone Mill Elementary School,10/10,7/10,,7/10
Ronald A. Mcnair Elementary School,9/10,8/10,,7/10
Dr. Charles R. Drew Elementary School,9/10,8/10,,6/10
Yorktown Elementary School,8/10,7/10,,7/10
Kingsford Elementary School,6/10,7/10,,6/10
Eleanor Roosevelt High School,7/10,,6/10,6/10
Kenilworth Elementary School,7/10,,,5/10
Samuel Ogle Middle School,7/10,7/10,,7/10
Centreville Middle School,10/10,9/10,,4/10
Church Hill Elementary School,8/10,,,6/10
Grasonville Elementary School,8/10,,,4/10
Crisfield Academy And High School,6/10,,5/10,5/10
Leonardtown Elementary School,8/10,7/10,,4/10
Piney Point Elementary School,7/10,5/10,,6/10
Lettie Marshall Dent Elementary School,7/10,,,6/10
Washington County Technical High School,7/10,,8/10,8/10
Boonsboro Middle School,8/10,8/10,,6/10
Clear Spring Middle School,8/10,7/10,,6/10
Old Forge Elementary School,7/10,8/10,,6/10
Smithsburg High School,8/10,,9/10,5/10
Northwestern Elementary School,7/10,,,6/10
Pittsville Elementary & Middle School,7/10,6/10,,6/10
Pocomoke Middle School,7/10,8/10,,4/10
Pocomoke High School,7/10,,5/10,4/10
Snow Hill Middle School,7/10,7/10,,4/10
Stephen Decatur High School,8/10,,7/10,6/10
Shiloh Middle School,9/10,7/10,,6/10
Spark M. Matsunaga Elementary School,9/10,7/10,,7/10
Oakdale Middle School,10/10,9/10,,8/10
Evergreen Elementary School,8/10,6/10,,6/10
Bellows Spring Elementary School,8/10,6/10,,7/10
Matapeake Elementary School,8/10,7/10,,6/10
Tuscarora Elementary School,8/10,8/10,,6/10
Whitehall Elementary School,8/10,,,9/10
Patterson Mill Middle School,9/10,8/10,,8/10
Veterans Elementary School,9/10,8/10,,5/10
Manchester Valley High School,8/10,,9/10,6/10
Chesapeake Math and IT Academy South,8/10,7/10,,7/10
Braddock Middle School,7/10,6/10,,5/10
Westmar Middle School,6/10,6/10,,5/10
Cresaptown Elementary School,7/10,8/10,,5/10
Mount Savage Middle School,7/10,5/10,,5/10
West Side Elementary School,6/10,5/10,,5/10
Westernport Elementary School,6/10,6/10,,5/10
Arundel Middle School,7/10,5/10,,6/10
Belvedere Elementary School,9/10,8/10,,5/10
Cape St. Claire Elementary School,9/10,7/10,,8/10
South River High School,9/10,,8/10,4/10
Edgewater Elementary School,8/10,8/10,,5/10
George T. Cromwell Elementary School,7/10,6/10,,5/10
High Point Elementary School,6/10,5/10,,7/10
Jacobsville Elementary School,7/10,5/10,,5/10
Jessup Elementary School,6/10,7/10,,6/10
Lindale Middle School,6/10,5/10,,5/10
Lothian Elementary School,8/10,8/10,,3/10
Manor View Elementary School,7/10,7/10,,5/10
Marley Elementary School,5/10,5/10,,4/10
Meade Heights Elementary School,6/10,8/10,,6/10
Odenton Elementary School,7/10,7/10,,6/10
Old Mill Middle North,7/10,6/10,,5/10
Old Mill Middle South,8/10,5/10,,5/10
Overlook Elementary School,6/10,6/10,,5/10
Quarterfield Elementary School,7/10,4/10,,7/10
Richard Henry Lee Elementary School,6/10,7/10,,6/10
Severn Elementary School,7/10,6/10,,6/10
Southern High School,7/10,,6/10,4/10
Van Bokkelen Elementary School,5/10,7/10,,5/10
Waugh Chapel Elementary School,9/10,7/10,,7/10
Woodside Elementary School,5/10,5/10,,3/10
Windsor Farm Elementary School,9/10,8/10,,6/10
Baltimore City College,6/10,,8/10,5/10
Hampden Elementary/Middle School,6/10,7/10,,6/10
Western High School,5/10,,6/10,5/10
Baltimore School For The Arts,8/10,,9/10,6/10
Arbutus Middle School,7/10,7/10,,4/10
Catonsville Elementary School,8/10,7/10,,5/10
Church Lane Elementary Technology,6/10,7/10,,5/10
Cockeysville Middle School,8/10,7/10,,5/10
Franklin Elementary School,8/10,7/10,,4/10
Fullerton Elementary School,7/10,5/10,,5/10
Hampton Elementary School,9/10,,,4/10
Hillcrest Elementary School,9/10,8/10,,4/10
Loch Raven High School,5/10,,8/10,4/10
Middleborough Elementary School,7/10,8/10,,3/10
Perry Hall Elementary School,7/10,6/10,,4/10
Pine Grove Middle School,7/10,7/10,,5/10
Red House Run Elementary School,5/10,5/10,,5/10
Cromwell Valley Elementary Technology,9/10,9/10,,5/10
Victory Villa Elementary School,6/10,5/10,,6/10
Wellwood International Elementary School,7/10,,,7/10
Westchester Elementary School,8/10,5/10,,3/10
Hereford Middle School,10/10,7/10,,5/10
Hereford High School,7/10,,10/10,5/10
Ridgely Middle School,9/10,6/10,,4/10
Padonia International Elementary School,6/10,6/10,,3/10
Appeal Elementary School,7/10,7/10,,6/10
Calvert High School,7/10,,7/10,6/10
Windy Hill Middle School,8/10,6/10,,7/10
Plum Point Elementary School,8/10,5/10,,7/10
Colonel Richardson Middle School,7/10,7/10,,5/10
Denton Elementary School,6/10,7/10,,6/10
Greensboro Elementary School,6/10,7/10,,5/10
North Caroline High School,6/10,,5/10,4/10
Ridgely Elementary School,7/10,7/10,,4/10
Lockerman Middle School,8/10,8/10,,5/10
Elmer A. Wolfe Elementary School,7/10,6/10,,5/10
Freedom District Elementary School,9/10,7/10,,5/10
Mechanicsville Elementary School,9/10,,,5/10
Northwest Middle School,8/10,6/10,,5/10
Robert Moton Elementary School,7/10,8/10,,5/10
Sandymount Elementary School,8/10,8/10,,5/10
Sykesville Middle School,9/10,7/10,,8/10
Westminster East Middle School,8/10,7/10,,7/10
Westminster High School,8/10,,10/10,3/10
Winfield Elementary School,8/10,5/10,,5/10
Piney Ridge Elementary School,9/10,7/10,,5/10
Spring Garden Elementary School,8/10,8/10,,5/10
Charlestown Elementary School,6/10,6/10,,5/10
Cherry Hill Middle School,7/10,5/10,,5/10
Rising Sun Middle School,8/10,6/10,,5/10
Bohemia Manor Middle School,7/10,6/10,,4/10
C. Paul Barnhart Elementary School,6/10,7/10,,5/10
John Hanson Middle School,6/10,6/10,,5/10
Milton M. Somers Middle School,8/10,6/10,,6/10
Piccowaxen Middle School,8/10,7/10,,3/10
Dr. Thomas L. Higdon Elementary School,8/10,7/10,,5/10
Berry Elementary School,7/10,7/10,,6/10
North Dorchester High School,6/10,,6/10,3/10
Warwick Elementary School,6/10,5/10,,5/10
Brunswick Elementary School,7/10,8/10,,6/10
Brunswick High School,6/10,,6/10,4/10
Catoctin High School,7/10,,8/10,5/10
Linganore High School,7/10,,8/10,5/10
Middletown Elementary School,9/10,7/10,,6/10
Myersville Elementary School,9/10,,,5/10
Lincoln Elementary School,5/10,7/10,,5/10
Thurmont Elementary School,7/10,5/10,,5/10
Thurmont Middle School,7/10,7/10,,5/10
Valley Elementary School,8/10,7/10,,5/10
Walkersville High School,7/10,,8/10,5/10
Walkersville Middle School,8/10,7/10,,6/10
Yellow Springs Elementary School,8/10,5/10,,4/10
Orchard Grove Elementary School,8/10,6/10,,8/10
New Market Middle School,9/10,8/10,,5/10
Brunswick Middle School,8/10,7/10,,5/10
Ballenger Creek Middle School,9/10,8/10,,5/10
Spring Ridge Elementary School,7/10,7/10,,5/10
Accident Elementary School,6/10,8/10,,5/10
Crellin Elementary School,6/10,4/10,,5/10
Grantsville Elementary School,6/10,5/10,,5/10
Northern Garrett High School,7/10,,6/10,5/10
Southern Garrett High School,6/10,,7/10,5/10
Southern Middle School,6/10,4/10,,5/10
Abingdon Elementary School,8/10,6/10,,7/10
Aberdeen Middle School,6/10,5/10,,5/10
Bakerfield Elementary School,6/10,6/10,,5/10
Bel Air High School,7/10,,7/10,6/10
Havre De Grace Middle School,7/10,5/10,,6/10
G. Lisby Elementary At Hillsdale,5/10,6/10,,6/10
Meadowvale Elementary School,9/10,7/10,,6/10
North Harford High School,7/10,,8/10,5/10
William S. James Elementary School,8/10,,,5/10
Magnolia Middle School,6/10,5/10,,5/10
C. Milton Wright High School,7/10,,9/10,4/10
North Bend Elementary School,8/10,5/10,,5/10
Rockburn Elementary School,9/10,,,7/10
Elkridge Landing Middle School,8/10,5/10,,7/10
Elkridge Elementary School,7/10,5/10,,5/10
Howard High School,7/10,,9/10,6/10
Mount Hebron High School,7/10,,9/10,5/10
Waterloo Elementary School,8/10,6/10,,5/10
Long Reach High School,6/10,,5/10,5/10
Hollifield Station Elementary School,9/10,6/10,,6/10
Rock Hall Elementary School,5/10,,,5/10
Roberto W. Clemente Middle School,8/10,7/10,,5/10
Benjamin Banneker Middle School,6/10,7/10,,5/10
Burtonsville Elementary School,6/10,7/10,,5/10
Cedar Grove Elementary School,9/10,,,6/10
Chevy Chase Elementary School,10/10,8/10,,5/10
Diamond Elementary School,10/10,8/10,,7/10
Earle B. Wood Middle School,8/10,8/10,,6/10
East Silver Spring Elementary School,6/10,6/10,,4/10
Fox Chapel Elementary School,8/10,8/10,,4/10
Garrett Park Elementary School,8/10,6/10,,6/10
Glenallan Elementary School,5/10,6/10,,5/10
Herbert Hoover Middle School,10/10,8/10,,9/10
Highland Elementary School,6/10,8/10,,5/10
Julius West Middle School,9/10,7/10,,6/10
Parkland Middle School,7/10,7/10,,5/10
Ritchie Park Elementary School,9/10,,,5/10
Sherwood Elementary School,7/10,5/10,,6/10
Stonegate Elementary School,8/10,5/10,,5/10
Takoma Park Middle School,10/10,9/10,,6/10
Viers Mill Elementary School,6/10,7/10,,6/10
Beall Elementary School,8/10,6/10,,5/10
Westover Elementary School,9/10,9/10,,9/10
Woodlin Elementary School,8/10,6/10,,4/10
Robert Frost Middle School,10/10,7/10,,7/10
John T. Baker Middle School,8/10,6/10,,6/10
Quince Orchard High School,7/10,,7/10,5/10
Strawberry Knoll Elementary School,6/10,6/10,,4/10
Cabin John Middle School,10/10,7/10,,7/10
Briggs Chaney Middle School,6/10,6/10,,5/10
Judith A. Resnik Elementary School,6/10,7/10,,6/10
John Hanson Montessori,6/10,6/10,,5/10
Ardmore Elementary School,5/10,5/10,,5/10
Baden Elementary School,5/10,7/10,,6/10
Beltsville Academy,6/10,5/10,,6/10
Benjamin Tasker Middle School,6/10,6/10,,5/10
Bond Mill Elementary School,7/10,,,5/10
Charles Carroll Middle School,5/10,7/10,,5/10
Greenbelt Middle School,5/10,5/10,,4/10
Robert Frost Elementary School,5/10,4/10,,5/10
Thomas G. Pullen School,6/10,6/10,,5/10
Tulip Grove Elementary School,6/10,,,6/10
Woodmore Elementary School,6/10,7/10,,6/10
Kenmoor Middle School,6/10,7/10,,5/10
Glenn Dale Elementary School,6/10,6/10,,5/10
James Madison Middle School,6/10,,,5/10
Walker Mill Middle School,5/10,5/10,,5/10
Kent Island High School,7/10,,8/10,3/10
Queen Anne's County High School,7/10,,9/10,4/10
Stevensville Middle School,8/10,7/10,,4/10
Sudlersville Middle School,7/10,7/10,,6/10
Chopticon High School,6/10,,7/10,6/10
Esperanza Middle School,8/10,7/10,,6/10
Leonardtown Middle School,9/10,8/10,,7/10
Margaret Brent Middle School,8/10,6/10,,5/10
Spring Ridge Middle School,7/10,8/10,,5/10
Easton Middle School,6/10,6/10,,3/10
St. Michaels Elementary School,8/10,8/10,,3/10
St. Michaels Middle/High School,7/10,7/10,7/10,5/10
White Marsh Elementary School,7/10,8/10,,4/10
Boonsboro High School,7/10,,7/10,5/10
Cascade Elementary School,7/10,4/10,,5/10
Clear Spring High School,7/10,,9/10,5/10
Hancock Elementary School,7/10,7/10,,5/10
Hancock Middle Senior High School,5/10,6/10,5/10,5/10
North Hagerstown High School,6/10,,5/10,5/10
Sharpsburg Elementary School,7/10,,,5/10
Smithsburg Elementary School,6/10,6/10,,5/10
Williamsport Elementary School,8/10,7/10,,5/10
Bennett Middle School,6/10,6/10,,4/10
Delmar Elementary School,7/10,,,5/10
North Salisbury Elementary School,8/10,8/10,,5/10
Berlin Intermediate School,8/10,7/10,,5/10
Snow Hill High School,9/10,,5/10,4/10
North Bethesda Middle School,10/10,7/10,,8/10
Cesar Chavez Elementary School,5/10,4/10,,6/10
Charles Herbert Flowers High School,5/10,,4/10,5/10
Oakdale High School,8/10,,10/10,8/10
Maya Angelou French Immersion,5/10,5/10,,5/10
Princess Anne Elementary School,5/10,6/10,,4/10
Woodholme Elementary School,6/10,6/10,,5/10
North Point High School,6/10,,9/10,6/10
Lakelands Park Middle School,9/10,7/10,,6/10
Seven Oaks Elementary School,6/10,6/10,,6/10
Theodore G. Davis Middle School,7/10,6/10,,6/10
Barstow Elementary School,7/10,7/10,,4/10
Nantucket Elementary School,8/10,8/10,,6/10
Vansville Elementary School,6/10,7/10,,6/10
Vincent Farm Elementary School,7/10,,,4/10
Accokeek Academy,6/10,6/10,,6/10
Red Pump Elementary School,8/10,,,5/10
Chesapeake Math and IT Elementary Public Charter,5/10,5/10,,5/10
Bel Air Elementary School,6/10,4/10,,4/10
Fort Hill High School,6/10,,5/10,4/10
John Humbird Elementary School,5/10,7/10,,4/10
Northeast Elementary School,7/10,5/10,,4/10
South Penn Elementary School,4/10,5/10,,4/10
Annapolis Middle School,7/10,6/10,,3/10
Arundel High School,6/10,,8/10,5/10
Chesapeake Bay Middle School,7/10,4/10,,6/10
Belle Grove Elementary School,4/10,5/10,,2/10
Broadneck Elementary School,8/10,,,4/10
Brock Bridge Elementary School,5/10,7/10,,5/10
Brooklyn Park Middle School,6/10,5/10,,6/10
Corkran Middle School,5/10,4/10,,5/10
Crofton Elementary School,9/10,8/10,,5/10
Davidsonville Elementary School,10/10,,,4/10
Eastport Elementary School,5/10,7/10,,4/10
George Fox Middle School,5/10,4/10,,5/10
Glen Burnie Park Elementary School,5/10,4/10,,5/10
Glendale Elementary School,6/10,6/10,,4/10
Macarthur Middle School,5/10,5/10,,4/10
Marley Middle School,4/10,5/10,,4/10
North Glen Elementary School,4/10,3/10,,4/10
Park Elementary School,5/10,4/10,,4/10
Rolling Knolls Elementary School,8/10,7/10,,3/10
Severna Park High School,7/10,,9/10,
Solley Elementary School,6/10,5/10,,6/10
South Shore Elementary School,10/10,9/10,,4/10
Traceys Elementary School,7/10,,,4/10
Meade Middle School,5/10,6/10,,4/10
Broadneck High School,7/10,,8/10,5/10
North County High School,5/10,,5/10,3/10
Armistead Gardens Elementary School,4/10,6/10,,5/10
Hamilton Elementary/Middle School,5/10,6/10,,5/10
Hampstead Hill Academy,5/10,5/10,,3/10
Hilton Elementary School,5/10,7/10,,4/10
Liberty Elementary School,5/10,7/10,,4/10
The Mount Washington School,6/10,4/10,,4/10
Rosemont Elementary School,4/10,6/10,,4/10
Thomas Johnson Elementary School,7/10,4/10,,5/10
New Song Academy,3/10,5/10,,4/10
Arbutus Elementary School,5/10,5/10,,4/10
Bear Creek Elementary School,4/10,4/10,,4/10
Bedford Elementary School,4/10,6/10,,4/10
Berkshire Elementary School,5/10,5/10,,3/10
Carney Elementary School,5/10,5/10,,3/10
Catonsville Middle School,8/10,7/10,,4/10
Charlesmont Elementary School,5/10,7/10,,4/10
Chase Elementary School,5/10,5/10,,5/10
Chatsworth School,6/10,5/10,,3/10
Deer Park Middle Magnet School,5/10,5/10,,4/10
Edgemere Elementary School,6/10,4/10,,4/10
Essex Elementary School,5/10,4/10,,4/10
Fort Garrison Elementary School,10/10,,,3/10
Franklin Middle School,6/10,6/10,,4/10
Franklin High School,5/10,,8/10,4/10
Halethorpe Elementary School,5/10,6/10,,3/10
Southwest Academy,4/10,4/10,,3/10
Loch Raven Technical Academy,5/10,7/10,,4/10
Norwood Elementary School,5/10,,,4/10
Orems Elementary School,5/10,,,4/10
Owings Mills Elementary School,4/10,5/10,,4/10
Pot Spring Elementary School,7/10,8/10,,3/10
Relay Elementary School,7/10,6/10,,3/10
Seneca Elementary School,6/10,8/10,,5/10
Sparrows Point High School,5/10,,7/10,6/10
Villa Cresta Elementary School,6/10,4/10,,3/10
Sparrows Point Middle School,5/10,6/10,,4/10
Oliver Beach Elementary School,6/10,4/10,,4/10
Joppa View Elementary School,7/10,5/10,,3/10
Calvert Middle School,7/10,7/10,,5/10
Mutual Elementary School,8/10,,,5/10
Calvert Elementary School,7/10,5/10,,5/10
St Leonard Elementary School,6/10,7/10,,4/10
Southern Middle School,6/10,5/10,,4/10
Colonel Richardson High School,5/10,,5/10,3/10
Federalsburg Elementary School,5/10,5/10,,3/10
Preston Elementary School,7/10,7/10,,4/10
Francis Scott Key High School,5/10,,9/10,4/10
Mount Airy Elementary School,9/10,8/10,,5/10
William Winchester Elementary School,8/10,7/10,,4/10
Bohemia Manor High School,5/10,,6/10,4/10
Cecilton Elementary School,6/10,4/10,,4/10
Chesapeake City Elementary School,6/10,6/10,,4/10
Elkton High School,4/10,,3/10,4/10
Leeds Elementary School,5/10,4/10,,4/10
North East Middle School,6/10,6/10,,3/10
North East High School,5/10,,4/10,3/10
Perryville Middle School,6/10,5/10,,4/10
Rising Sun Elementary School,6/10,5/10,,4/10
Kenmore Elementary School,6/10,4/10,,4/10
Rising Sun High School,7/10,,8/10,4/10
Westlake High School,5/10,,6/10,4/10
Arthur Middleton Elementary School,6/10,6/10,,3/10
Benjamin Stoddert Middle School,4/10,5/10,,4/10
Dr. Gustavus Brown Elementary School,6/10,,,5/10
Gale-Bailey Elementary School,6/10,6/10,,5/10
General Smallwood Middle School,5/10,4/10,,4/10
J. P. Ryon Elementary School,4/10,6/10,,4/10
Henry E. Lackey High School,4/10,,6/10,4/10
Matthew Henson Middle School,7/10,6/10,,6/10
T. C. Martin Elementary School,8/10,7/10,,6/10
Walter J. Mitchell Elementary School,7/10,7/10,,3/10
Mattawoman Middle School,5/10,5/10,,4/10
William B. Wade Elementary School,6/10,5/10,,5/10
North Dorchester Middle School,6/10,5/10,,4/10
Vienna Elementary School,4/10,6/10,,4/10
Choptank Elementary School,4/10,5/10,,4/10
Frederick High School,5/10,,5/10,4/10
Gov. Thomas Johnson High School,6/10,,6/10,4/10
Walkersville Elementary School,6/10,7/10,,5/10
West Frederick Middle School,7/10,7/10,,4/10
Whittier Elementary School,7/10,6/10,,6/10
Monocacy Middle School,7/10,8/10,,4/10
New Midway/Woodsboro Elementary School,7/10,7/10,,4/10
Broad Ford Elementary School,5/10,7/10,,4/10
Friendsville Elementary School,4/10,5/10,,4/10
Yough Glades Elementary School,5/10,5/10,,4/10
Aberdeen High School,5/10,,4/10,4/10
Deerfield Elementary School,5/10,6/10,,5/10
Edgewood Middle School,6/10,5/10,,5/10
Edgewood High School,5/10,,3/10,5/10
Joppatowne High School,4/10,,3/10,5/10
Magnolia Elementary School,3/10,6/10,,4/10
Roye-Williams Elementary School,6/10,4/10,,5/10
Atholton High School,6/10,,9/10,4/10
Glenwood Middle School,9/10,6/10,,4/10
Hammond High School,6/10,,8/10,5/10
Patapsco Middle School,9/10,6/10,,5/10
Stevens Forest Elementary School,6/10,7/10,,4/10
Talbott Springs Elementary School,6/10,7/10,,3/10
Thunder Hill Elementary School,8/10,6/10,,5/10
Wilde Lake High School,5/10,,7/10,3/10
Murray Hill Middle School,6/10,,,5/10
Clemens Crossing Elementary School,9/10,6/10,,8/10
Bollman Bridge Elementary School,5/10,6/10,,4/10
Patuxent Valley Middle School,6/10,4/10,,4/10
Mayfield Woods Middle School,7/10,5/10,,4/10
Kent County Middle School,6/10,5/10,,3/10
Kent County High School,7/10,,5/10,3/10
Lois P. Rockwell Elementary School,8/10,7/10,,4/10
Argyle Middle School,5/10,4/10,,4/10
Forest Oak Middle School,5/10,5/10,,4/10
Broad Acres Elementary School,4/10,6/10,,5/10
Brookhaven Elementary School,4/10,5/10,,4/10
Cannon Road Elementary School,5/10,6/10,,4/10
Col. E. Brooke Lee Middle School,5/10,6/10,,4/10
Fields Road Elementary School,8/10,7/10,,4/10
Forest Knolls Elementary School,7/10,7/10,,4/10
Gaithersburg Middle School,5/10,4/10,,3/10
Galway Elementary School,5/10,7/10,,5/10
Germantown Elementary School,7/10,5/10,,5/10
Jackson Road Elementary School,4/10,4/10,,4/10
Kemp Mill Elementary School,4/10,5/10,,4/10
Laytonsville Elementary School,8/10,8/10,,6/10
Lucy V. Barnsley Elementary School,9/10,8/10,,5/10
Mill Creek Towne Elementary School,6/10,5/10,,3/10
Oakland Terrace Elementary School,8/10,6/10,,4/10
Redland Middle School,6/10,5/10,,4/10
Richard Montgomery High School,6/10,,7/10,3/10
Ridgeview Middle School,8/10,7/10,,4/10
Rosemont Elementary School,6/10,7/10,,4/10
Sherwood High School,7/10,,7/10,4/10
Somerset Elementary School,9/10,6/10,,7/10
Strathmore Elementary School,5/10,7/10,,4/10
Summit Hall Elementary School,4/10,7/10,,4/10
Washington Grove Elementary School,5/10,5/10,,4/10
Weller Road Elementary School,5/10,,,4/10
Westland Middle School,9/10,7/10,,6/10
White Oak Middle School,6/10,8/10,,4/10
William Tyler Page Elementary School,6/10,6/10,,6/10
William H. Farquhar Middle School,9/10,7/10,,6/10
Northwest High School,6/10,,8/10,4/10
James Hubert Blake High School,5/10,,6/10,4/10
Martin Luther King Jr. Middle School,6/10,5/10,,4/10
Lake Seneca Elementary School,5/10,6/10,,4/10
Damascus High School,7/10,,8/10,5/10
Eastern Middle School,8/10,8/10,,4/10
Sligo Middle School,6/10,7/10,,4/10
Waters Landing Elementary School,6/10,7/10,,4/10
Clearspring Elementary School,8/10,7/10,,5/10
Cloverly Elementary School,7/10,5/10,,4/10
Brooke Grove Elementary School,9/10,8/10,,5/10
Burnt Mills Elementary School,5/10,7/10,,4/10
Francis Scott Key Middle School,4/10,4/10,,4/10
Rachel Carson Elementary School,9/10,8/10,,5/10
Sequoyah Elementary School,6/10,7/10,,3/10
Greenbelt Elementary School,6/10,6/10,,4/10
Scotchtown Hills Elementary School,4/10,6/10,,4/10
Perrywood Elementary School,5/10,6/10,,5/10
Avalon Elementary School,5/10,5/10,,5/10
Bladensburg High School,4/10,,1/10,4/10
Bowie High School,5/10,,4/10,5/10
Brandywine Elementary School,4/10,5/10,,4/10
Buck Lodge Middle School,4/10,6/10,,4/10
Calverton Elementary School,4/10,5/10,,4/10
Carole Highlands Elementary School,4/10,6/10,,4/10
Cherokee Lane Elementary School,4/10,5/10,,4/10
Francis T. Evans Elementary School,4/10,6/10,,4/10
Frederick Douglass High School,4/10,,5/10,4/10
Fort Washington Forest Elementary School,5/10,6/10,,4/10
Gwynn Park Middle School,4/10,4/10,,4/10
Hollywood Elementary School,5/10,3/10,,4/10
Hyattsville Middle School,5/10,4/10,,3/10
Indian Queen Elementary School,5/10,6/10,,4/10
Laurel Elementary School,4/10,4/10,,3/10
Lewisdale Elementary School,4/10,6/10,,4/10
Magnolia Elementary School,4/10,5/10,,4/10
Montpelier Elementary School,5/10,5/10,,4/10
Northwestern High School,4/10,,2/10,4/10
Oxon Hill High School,6/10,,4/10,5/10
Rockledge Elementary School,4/10,3/10,,4/10
Samuel Chase Elementary School,5/10,7/10,,5/10
Seabrook Elementary School,5/10,5/10,,4/10
Thomas Johnson Middle School,4/10,5/10,,4/10
University Park Elementary School,6/10,6/10,,3/10
Valley View Elementary School,5/10,5/10,,4/10
Oxon Hill Middle School,4/10,,,3/10
Glenridge Elementary School,4/10,5/10,,4/10
Gladys Noon Spellman Elementary School,4/10,6/10,,4/10
Washington Academy And High School,5/10,,5/10,3/10
Green Holly Elementary School,6/10,7/10,,2/10
Great Mills High School,6/10,,7/10,4/10
Greenview Knolls Elementary School,6/10,7/10,,3/10
Hollywood Elementary School,7/10,7/10,,3/10
Oakville Elementary School,6/10,5/10,,4/10
Town Creek Elementary School,7/10,,,4/10
Leonardtown High School,6/10,,10/10,5/10
Easton Elementary School,6/10,7/10,,3/10
Clear Spring Elementary School,6/10,7/10,,4/10
E. Russell Hicks Middle School,6/10,6/10,,4/10
Fountain Rock Elementary School,5/10,4/10,,4/10
Pleasant Valley Elementary School,6/10,5/10,,4/10
Potomac Heights Elementary School,7/10,6/10,,4/10
Salem Avenue Elementary School,5/10,7/10,,4/10
South Hagerstown High School,5/10,,3/10,4/10
Springfield Middle School,6/10,5/10,,4/10
Western Heights Middle School,5/10,6/10,,4/10
Williamsport High School,6/10,,4/10,4/10
James M. Bennett High School,5/10,,4/10,3/10
Pemberton Elementary School,5/10,7/10,,3/10
Wicomico Middle School,5/10,5/10,,3/10
Willards Elementary School,6/10,,,4/10
Dowell Elementary School,7/10,5/10,,5/10
Cranberry Station Elementary School,6/10,4/10,,4/10
Shady Grove Middle School,8/10,6/10,,4/10
Silver Spring International Middle School,7/10,7/10,,4/10
Highland Park Elementary School,5/10,5/10,,4/10
Salisbury Middle School,7/10,8/10,,3/10
New Town Elementary School,6/10,4/10,,5/10
Dogwood Elementary School,4/10,7/10,,4/10
Mill Creek Middle School,6/10,6/10,,5/10
Bonnie Branch Middle School,8/10,6/10,,4/10
Winters Mill High School,6/10,,8/10,4/10
Reservoir High School,7/10,,8/10,4/10
Newport Mill Middle School,6/10,6/10,,3/10
Ernest Everett Just Middle School,5/10,5/10,,4/10
Monarch Global Academy PCS Laurel Campus,6/10,5/10,,5/10
Wilson Wims Elementary School,9/10,6/10,,4/10
Gov. Thomas Johnson Middle School,8/10,7/10,,4/10
Tuscarora High School,6/10,,6/10,5/10
Barack Obama Elementary School,5/10,4/10,,4/10
Crestwood Middle School,7/10,8/10,,4/10
Somerset 6/7 Intermediate School,6/10,,,5/10
Turning Point Academy Public Charter,4/10,6/10,,4/10
William B. Gibbs Jr.,8/10,7/10,,3/10
Baltimore International Academy,5/10,5/10,,3/10
Imagine Foundations I Public Charter,5/10,5/10,,5/10
Rockland Woods Elementary School,6/10,4/10,,4/10
Tunbridge Public Charter School,6/10,6/10,,4/10
Benjamin D. Foulois Academy,5/10,6/10,,5/10
Imagine Andrews,6/10,6/10,,6/10
Monarch Academy,6/10,5/10,,4/10
Ducketts Lane,7/10,5/10,,5/10
Mays Chapel Elementary School,8/10,7/10,,4/10
Lyons Mill Elementary School,6/10,,,5/10
Allegany High School,4/10,,8/10,2/10
George's Creek Elementary School,5/10,4/10,,3/10
Center For Career & Technology Education,4/10,,9/10,3/10
Annapolis Elementary School,6/10,6/10,,2/10
Annapolis High School,5/10,,5/10,2/10
Wiley H. Bates Middle School,7/10,6/10,,3/10
Brooklyn Park Elementary School,5/10,5/10,,4/10
Georgetown East Elementary School,3/10,5/10,,3/10
Glen Burnie High School,4/10,,3/10,3/10
Hebron - Harman Elementary School,5/10,6/10,,3/10
Hillsmere Elementary School,8/10,8/10,,2/10
Hilltop Elementary School,4/10,5/10,,3/10
Meade High School,4/10,,4/10,4/10
Oak Hill Elementary School,9/10,6/10,,3/10
Old Mill High School,5/10,,8/10,3/10
Point Pleasant Elementary School,4/10,4/10,,3/10
Rippling Woods Elementary School,4/10,4/10,,2/10
Southgate Elementary School,5/10,6/10,,3/10
Freetown Elementary School,5/10,6/10,,4/10
Charles Carroll Barrister Elementary School,3/10,4/10,,3/10
Mary Ann Winterling Elementary School,3/10,5/10,,3/10
Cecil Elementary School,4/10,7/10,,4/10
Cross Country Elementary School,4/10,6/10,,3/10
Dickey Hill Elementary/Middle School,3/10,5/10,,3/10
Federal Hill Preparatory School,5/10,6/10,,3/10
Grove Park Elementary School,3/10,5/10,,2/10
KIPP Harmony,4/10,5/10,,3/10
Lakeland Elementary/Middle School,3/10,5/10,,3/10
Medfield Heights Elementary School,4/10,4/10,,3/10
Morrell Park Elementary/Middle School,3/10,5/10,,3/10
Mount Royal Elementary/Middle School,3/10,5/10,,3/10
Northwood Elementary School,4/10,7/10,,4/10
Stadium School,3/10,6/10,,3/10
Midtown Academy,4/10,4/10,,3/10
Battle Grove Elementary School,4/10,4/10,,3/10
Catonsville High School,5/10,,7/10,3/10
Cedarmere Elementary School,5/10,4/10,,3/10
Deep Creek Middle School,3/10,6/10,,3/10
Deer Park Elementary School,4/10,5/10,,3/10
Dulaney High School,6/10,,8/10,3/10
Dumbarton Middle School,8/10,7/10,,3/10
Grange Elementary School,4/10,3/10,,2/10
Hebbville Elementary School,4/10,6/10,,3/10
Hernwood Elementary School,4/10,4/10,,3/10
Halstead Academy,3/10,6/10,,3/10
Holabird Middle School,3/10,4/10,,3/10
Johnnycake Elementary School,3/10,5/10,,3/10
Lansdowne Elementary School,4/10,6/10,,3/10
Logan Elementary School,4/10,4/10,,2/10
Mars Estates Elementary School,4/10,5/10,,3/10
Martin Boulevard Elementary School,4/10,5/10,,4/10
Oakleigh Elementary School,4/10,4/10,,3/10
Perry Hall High School,5/10,,7/10,3/10
Pikesville Middle School,5/10,5/10,,2/10
Pikesville High School,3/10,,9/10,2/10
Pleasant Plains Elementary School,5/10,4/10,,3/10
Powhatan Elementary School,3/10,4/10,,3/10
Reisterstown Elementary School,4/10,5/10,,3/10
Riverview Elementary School,3/10,7/10,,3/10
Sandalwood Elementary School,3/10,5/10,,4/10
Shady Spring Elementary School,4/10,5/10,,4/10
Stemmers Run Middle School,4/10,6/10,,3/10
Sussex Elementary School,4/10,4/10,,3/10
Timber Grove Elementary School,5/10,5/10,,3/10
Towson High Law & Public Policy,6/10,,10/10,5/10
Warren Elementary School,7/10,6/10,,2/10
Westowne Elementary School,6/10,5/10,,3/10
Winand Elementary School,4/10,4/10,,4/10
Woodlawn Middle School,3/10,4/10,,3/10
Woodmoor Elementary School,3/10,4/10,,3/10
Glyndon Elementary School,5/10,5/10,,3/10
General John Stricker Middle School,4/10,5/10,,3/10
Golden Ring Middle School,3/10,5/10,,3/10
Middle River Middle School,4/10,5/10,,3/10
Manchester Elementary School,8/10,6/10,,3/10
Taneytown Elementary School,5/10,6/10,,3/10
Bainbridge Elementary School,4/10,4/10,,3/10
Calvert Elementary School,6/10,6/10,,3/10
Conowingo Elementary School,6/10,6/10,,3/10
Elkton Middle School,4/10,5/10,,3/10
North East Elementary School,4/10,3/10,,3/10
Perryville High School,7/10,,6/10,4/10
Thomson Estates Elementary School,4/10,5/10,,4/10
Mary Matula Elementary School,6/10,5/10,,3/10
Daniel Of St. Thomas Jenifer Elementary School,5/10,4/10,,5/10
Dr. Samuel A. Mudd Elementary School,5/10,7/10,,3/10
J. C. Parks Elementary School,4/10,4/10,,3/10
La Plata High School,5/10,,10/10,4/10
Maurice J. Mcdonough High School,4/10,,6/10,3/10
Thomas Stone High School,4/10,,4/10,3/10
Cambridge-South Dorchester High School,4/10,,3/10,2/10
Hurlock Elementary School,4/10,6/10,,3/10
Maple Elementary School,4/10,6/10,,3/10
Emmitsburg Elementary School,6/10,5/10,,3/10
Waverley Elementary School,4/10,4/10,,2/10
Monocacy Elementary School,5/10,5/10,,3/10
Hillcrest Elementary School,3/10,6/10,,2/10
Edgewood Elementary School,3/10,5/10,,3/10
Riverside Elementary School,5/10,5/10,,5/10
William Paca/Old Post Road Elementary School,4/10,4/10,,3/10
Forest Ridge Elementary School,6/10,5/10,,4/10
Bryant Woods Elementary School,5/10,7/10,,3/10
Cradlerock Elementary,5/10,5/10,,4/10
Guilford Elementary School,6/10,7/10,,3/10
Hammond Elementary School,8/10,6/10,,3/10
Hammond Middle School,8/10,6/10,,5/10
Harpers Choice Middle School,5/10,4/10,,3/10
Oakland Mills High School,5/10,,5/10,3/10
Oakland Mills Middle School,6/10,5/10,,3/10
Phelps Luck Elementary School,5/10,5/10,,2/10
Running Brook Elementary School,5/10,4/10,,3/10
Swansfield Elementary School,6/10,5/10,,2/10
Wilde Lake Middle School,5/10,5/10,,4/10
Deep Run Elementary School,5/10,5/10,,3/10
H. H. Garnett Elementary School,4/10,6/10,,2/10
Millington Elementary School,8/10,8/10,,3/10
Dr. Sally K. Ride Elementary School,6/10,6/10,,4/10
Thurgood Marshall Elementary School,8/10,6/10,,3/10
S. Christa Mcauliffe Elementary School,5/10,7/10,,4/10
Jones Lane Elementary School,8/10,6/10,,3/10
Neelsville Middle School,4/10,5/10,,3/10
Albert Einstein High School,4/10,,4/10,3/10
Bethesda-Chevy Chase High School,7/10,,10/10,4/10
Brown Station Elementary School,5/10,4/10,,4/10
Col. Zadok Magruder High School,5/10,,6/10,4/10
College Gardens Elementary School,9/10,6/10,,6/10
Cresthaven Elementary School,3/10,4/10,,3/10
Damascus Elementary School,7/10,,,3/10
Fairland Elementary School,5/10,6/10,,4/10
Farmland Elementary School,9/10,8/10,,9/10
Flower Valley Elementary School,8/10,7/10,,4/10
Gaithersburg Elementary School,3/10,4/10,,3/10
Georgian Forest Elementary School,4/10,6/10,,3/10
Harmony Hills Elementary School,4/10,5/10,,4/10
John F. Kennedy High School,3/10,,3/10,3/10
Flora M. Singer Elementary School,7/10,6/10,,
Meadow Hall Elementary School,5/10,4/10,,3/10
Monocacy Elementary School,8/10,6/10,,3/10
Montgomery Blair High School,5/10,,6/10,3/10
Montgomery Village Middle School,4/10,5/10,,3/10
Oak View Elementary School,5/10,5/10,,3/10
Olney Elementary School,8/10,,,5/10
Pine Crest Elementary School,7/10,6/10,,3/10
Poolesville High School,5/10,,10/10,6/10
Rock Creek Forest Elementary School,8/10,7/10,,4/10
Rock View Elementary School,6/10,5/10,,2/10
Seneca Valley High School,4/10,,4/10,2/10
Springbrook High School,4/10,,4/10,3/10
Twinbrook Elementary School,4/10,5/10,,3/10
Walt Whitman High School,5/10,,10/10,5/10
Watkins Mill Elementary School,4/10,3/10,,2/10
Wheaton High School,4/10,,4/10,3/10
Whetstone Elementary School,5/10,6/10,,4/10
Flower Hill Elementary School,5/10,4/10,,3/10
Goshen Elementary School,6/10,5/10,,3/10
Captain James E. Daly Elementary School,4/10,5/10,,3/10
Cool Spring Elementary School,3/10,4/10,,3/10
William Paca Elementary School,3/10,5/10,,3/10
Adelphi Elementary School,3/10,5/10,,4/10
Allenwood Elementary School,3/10,5/10,,3/10
Apple Grove Elementary School,4/10,6/10,,4/10
Beacon Heights Elementary School,3/10,4/10,,3/10
Bladensburg Elementary School,3/10,4/10,,3/10
Carrollton Elementary School,3/10,5/10,,3/10
Central High School,3/10,,4/10,3/10
Cooper Lane Elementary School,3/10,5/10,,3/10
Doswell E. Brooks Elementary School,4/10,6/10,,4/10
Duval High School,3/10,,5/10,3/10
Dwight D. Eisenhower Middle School,4/10,4/10,,3/10
Fairmont Heights High School,3/10,,4/10,4/10
Fort Foote Elementary School,3/10,5/10,,3/10
Friendly High School,4/10,,2/10,4/10
Gaywood Elementary School,3/10,4/10,,2/10
Glassmanor Elementary School,3/10,6/10,,3/10
High Bridge Elementary School,4/10,4/10,,3/10
High Point High School,3/10,,2/10,3/10
James H. Harrison Elementary School,3/10,4/10,,3/10
James Mchenry Elementary School,3/10,5/10,,3/10
James Ryder Randall Elementary School,3/10,3/10,,3/10
Kettering Elementary School,4/10,6/10,,4/10
Lamont Elementary School,3/10,6/10,,3/10
Langley Park/Mccormick Elementary School,3/10,4/10,,3/10
Largo High School,3/10,,5/10,3/10
Laurel High School,3/10,,3/10,3/10
Longfields Elementary School,5/10,5/10,,4/10
Isaac J. Gourdine Middle School,3/10,5/10,,4/10
Marlton Elementary School,4/10,6/10,,4/10
Mattaponi Elementary School,7/10,5/10,,5/10
Melwood Elementary School,3/10,5/10,,3/10
Nicholas Orem Middle School,3/10,5/10,,3/10
Oaklands Elementary School,4/10,5/10,,3/10
Oxon Hill Elementary School,3/10,5/10,,3/10
Parkdale High School,3/10,,2/10,3/10
Patuxent Elementary School,5/10,7/10,,4/10
Phyllis E. Williams Elementary School,4/10,3/10,,3/10
Pointer Ridge Elementary School,5/10,4/10,,4/10
Rogers Heights Elementary School,3/10,6/10,,3/10
Rose Valley Elementary School,3/10,4/10,,3/10
Surrattsville High School,3/10,,3/10,3/10
Templeton Elementary School,3/10,5/10,,3/10
Thomas S. Stone Elementary School,3/10,7/10,,3/10
Waldon Woods Elementary School,4/10,6/10,,3/10
William Wirt Middle School,3/10,4/10,,3/10
Woodridge Elementary School,4/10,4/10,,4/10
Benjamin Stoddert Middle School,3/10,6/10,,3/10
Thurgood Marshall Middle School,3/10,5/10,,4/10
Stephen Decatur Middle School,3/10,4/10,,3/10
Kettering Middle School,4/10,5/10,,3/10
Kennard Elementary School,7/10,7/10,,4/10
Sudlersville Elementary School,4/10,,,4/10
Benjamin Banneker Elementary School,6/10,5/10,,2/10
Dynard Elementary School,5/10,6/10,,2/10
George Washington Carver Elementary School,3/10,5/10,,2/10
Easton High School,6/10,,7/10,4/10
Eastern Elementary School,5/10,6/10,,4/10
Boonsboro Elementary School,7/10,6/10,,3/10
Emma K. Doub Elementary School for Integrated Arts & Technology,6/10,6/10,,4/10
Lincolnshire Elementary School,4/10,3/10,,3/10
Maugansville Elementary School,5/10,3/10,,4/10
Northern Middle School,5/10,6/10,,4/10
East Salisbury Elementary School,4/10,5/10,,3/10
Glen Avenue School,3/10,6/10,,2/10
Parkside High School,5/10,,6/10,4/10
Pinehurst Elementary School,4/10,6/10,,2/10
Prince Street School,4/10,6/10,,4/10
Wicomico High School,4/10,,3/10,3/10
Sligo Creek Elementary School,8/10,6/10,,3/10
Westside Intermediate School,6/10,6/10,,2/10
The Crossroads School,4/10,6/10,,4/10
G. James Gholson Middle School,3/10,,,3/10
Lake Arbor Elementary School,3/10,5/10,,3/10
Mary Harris 'Mother' Jones Elementary School,3/10,4/10,,2/10
Berwyn Heights Elementary School,5/10,5/10,,2/10
Northwood High School,4/10,,3/10,3/10
Greenwood Elementary School,4/10,7/10,,4/10
Patterson Park Public Charter School,4/10,5/10,,2/10
A. Mario Loiederman Middle School,4/10,5/10,,3/10
William A. Diggs Elementary School,5/10,4/10,,4/10
Excel Academy Public Charter,4/10,5/10,,3/10
Windsor Mill Middle School,3/10,5/10,,3/10
Clarksburg High School,4/10,,7/10,3/10
Sargent Shriver Elementary School,4/10,4/10,,5/10
Carter G Woodson Elementary School,3/10,5/10,,3/10
Rosa L. Parks Elementary School,3/10,4/10,,3/10
Northview Elementary School,4/10,5/10,,3/10
Mountain Ridge High School,4/10,,8/10,3/10
Mary B. Neal Elementary School,5/10,5/10,,3/10
The Seed School Of Maryland,3/10,4/10,3/10,3/10
Green Street Academy,3/10,6/10,,2/10
Baltimore Leadership School For Young Women,4/10,4/10,,3/10
Imagine Foundations Ii Public Charter,3/10,3/10,,3/10
Lake Elkhorn Middle School,6/10,6/10,,4/10
Thomas Viaduct Middle School,6/10,4/10,,4/10
St Charles High School,4/10,,2/10,4/10
Germantown Elementary School,4/10,4/10,,2/10
Northeast High School,3/10,,5/10,2/10
Walter S. Mills - Parole Elementary School,3/10,6/10,,3/10
Tyler Heights Elementary School,2/10,3/10,,2/10
Abbottston Elementary School,2/10,3/10,,2/10
Arlington Elementary School,2/10,4/10,,1/10
Dr. Nathan A. Pitts-Ashburton Elementary/Middle School,2/10,3/10,,2/10
Barclay Elementary/Middle School,2/10,5/10,,2/10
Beechfield Elementary School,2/10,5/10,,2/10
Benjamin Franklin High School @ Masonville Cove,2/10,,1/10,2/10
Carver Vocational-Technical High School,2/10,,3/10,2/10
Commodore John Rogers Elementary School,3/10,5/10,,3/10
Curtis Bay Elementary School,2/10,3/10,,2/10
Edgewood Elementary School,2/10,4/10,,2/10
Edmondson-Westside High School,2/10,,3/10,2/10
Eutaw-Marshburn Elementary School,2/10,3/10,,2/10
Forest Park High School,2/10,,1/10,2/10
Francis Scott Key Elementary/Middle School,3/10,5/10,,2/10
Franklin Square Elementary School,2/10,5/10,,2/10
Garrett Heights Elementary School,2/10,5/10,,2/10
Wolfe Street Academy,2/10,5/10,,2/10
City Neighbors High School,2/10,,3/10,2/10
Glenmount Elementary/Middle School,2/10,4/10,,2/10
Graceland Park/O'donnel Heights Elementary School,2/10,4/10,,2/10
Gwynns Falls Elementary School,3/10,5/10,,2/10
Hazelwood Elementary/Middle School,2/10,4/10,,2/10
Highlandtown Elementary #215,2/10,3/10,,2/10
Holabird Elementary,2/10,4/10,,2/10
John Eager Howard Elementary School,3/10,5/10,,2/10
John Ruhrah Elementary School,2/10,5/10,,2/10
Lockerman Bundy Elementary School,2/10,6/10,,2/10
Leith Walk Elementary School,3/10,4/10,,2/10
Lyndhurst Elementary School,2/10,3/10,,2/10
Mergenthaler Vocational-Technical High School,2/10,,2/10,2/10
Montebello Elementary School,2/10,4/10,,2/10
Moravia Park,2/10,4/10,,2/10
Paul Laurence Dunbar High School,4/10,,6/10,3/10
Sinclair Lane Elementary School,2/10,4/10,,2/10
Steuart Hill Academic Academy,1/10,3/10,,2/10
Thomas Jefferson Elementary School,2/10,4/10,,2/10
Violetville Elementary/Middle School,3/10,4/10,,3/10
Walter P. Carter Elementary School,2/10,5/10,,2/10
Waverly Elementary School,2/10,4/10,,2/10
William Paca Elementary School,2/10,4/10,,2/10
William Pinderhughes Elementary School,2/10,5/10,,2/10
Windsor Hills Elementary School,3/10,5/10,,3/10
Woodhome Elementary/Middle School,2/10,3/10,,2/10
Yorkwood Elementary School,2/10,7/10,,2/10
North Bend Elementary/Middle School,3/10,5/10,,2/10
Maree Garnett Farring Elementary School,3/10,5/10,,2/10
Calvin M. Rodwell Elementary School,2/10,7/10,,2/10
Baltimore Highlands Elementary School,3/10,5/10,,2/10
Chesapeake High School,2/10,,3/10,3/10
Colgate Elementary School,2/10,4/10,,2/10
Dundalk Elementary School,3/10,4/10,,2/10
Dundalk Middle School,3/10,5/10,,2/10
Dundalk High School,3/10,,2/10,2/10
Edmondson Heights Elementary School,2/10,5/10,,2/10
Elmwood Elementary School,3/10,5/10,,3/10
Featherbed Lane Elementary School,3/10,3/10,,3/10
Hawthorne Elementary School,3/10,5/10,,2/10
Kenwood High School,3/10,,3/10,2/10
Lansdowne High & Academy Of Finance,2/10,,2/10,2/10
Lansdowne Middle School,2/10,4/10,,2/10
Mccormick Elementary School,3/10,5/10,,2/10
Middlesex Elementary School,3/10,3/10,,3/10
Milbrook Elementary School,3/10,3/10,,3/10
Parkville High & Center For Math/Science,3/10,,5/10,2/10
Randallstown Elementary School,2/10,,,2/10
Randallstown High School,3/10,,4/10,2/10
Sandy Plains Elementary School,2/10,4/10,,2/10
Scotts Branch Elementary School,2/10,4/10,,2/10
Winfield Elementary School,3/10,3/10,,3/10
Woodlawn High Center For Pre-Eng. Res.,2/10,,4/10,2/10
Owings Mills High School,2/10,,2/10,2/10
Glenmar Elementary School,3/10,7/10,,2/10
Northwest Academy of Health Sciences,2/10,3/10,,2/10
Bay View Elementary School,4/10,4/10,,3/10
Cecil Manor Elementary School,4/10,4/10,,2/10
Holly Hall Elementary School,3/10,3/10,,2/10
Elk Neck Elementary School,6/10,4/10,,2/10
Eva Turner Elementary School,3/10,5/10,,3/10
Indian Head Elementary School,3/10,4/10,,2/10
Sandy Hill Elementary School,3/10,4/10,,2/10
Mace's Lane Middle School,3/10,3/10,,2/10
Halls Cross Roads Elementary School,3/10,5/10,,2/10
Jeffers Hill Elementary School,6/10,5/10,,3/10
Longfellow Elementary School,6/10,6/10,,3/10
Worton Elementary School,4/10,3/10,,1/10
Gaithersburg High School,2/10,,3/10,2/10
Highland View Elementary School,6/10,6/10,,2/10
Maryvale Elementary School,6/10,7/10,,3/10
Paint Branch High School,3/10,,6/10,3/10
Piney Branch Elementary School,7/10,6/10,,2/10
Rockville High School,4/10,,4/10,2/10
Rolling Terrace Elementary School,5/10,6/10,,2/10
South Lake Elementary School,3/10,4/10,,2/10
Stedwick Elementary School,3/10,4/10,,2/10
North Chevy Chase Elementary School,9/10,8/10,,5/10
Clopper Mill Elementary School,3/10,5/10,,3/10
Greencastle Elementary School,3/10,4/10,,3/10
Watkins Mill High School,3/10,,5/10,2/10
Arrowhead Elementary School,3/10,6/10,,2/10
Barnaby Manor Elementary School,2/10,4/10,,2/10
Bradbury Heights Elementary School,2/10,4/10,,2/10
Carmody Hills Elementary School,2/10,4/10,,2/10
Catherine T. Reed Elementary School,3/10,5/10,,3/10
Chillum Elementary School,2/10,3/10,,2/10
Columbia Park Elementary School,2/10,4/10,,2/10
Concord Elementary School,3/10,6/10,,2/10
Crossland High School,2/10,,3/10,2/10
Deerfield Run Elementary School,3/10,4/10,,2/10
Flintstone Elementary School,2/10,4/10,,2/10
Drew Freeman Middle School,3/10,,,3/10
Francis Scott Key Elementary School,3/10,5/10,,2/10
Gwynn Park High School,3/10,,3/10,3/10
Hyattsville Elementary School,2/10,3/10,,2/10
J. Frank Dent Elementary School,2/10,5/10,,2/10
Mt Rainier Elementary School,3/10,3/10,,2/10
North Forestville Elementary School,2/10,4/10,,2/10
Overlook Elementary School,2/10,3/10,,2/10
Paint Branch Elementary School,3/10,4/10,,3/10
Potomac Landing Elementary School,4/10,3/10,,3/10
Potomac High School,2/10,,2/10,2/10
Princeton Elementary School,2/10,4/10,,2/10
Ridgecrest Elementary School,2/10,5/10,,2/10
Riverdale Elementary School,2/10,5/10,,2/10
Seat Pleasant Elementary School,2/10,4/10,,2/10
Springhill Lake Elementary School,2/10,3/10,,2/10
Suitland High School,3/10,,1/10,3/10
Tayac Elementary School,3/10,5/10,,3/10
William Beanes Elementary School,2/10,3/10,,2/10
Tall Oaks Vocational High School,2/10,,2/10,2/10
Lexington Park Elementary School,6/10,7/10,,2/10
Mechanicsville Elementary School,6/10,6/10,,2/10
Park Hall Elementary School,4/10,4/10,,2/10
Ridge Elementary School,6/10,5/10,,2/10
Bester Elementary School,2/10,3/10,,2/10
Hickory Elementary School,3/10,3/10,,2/10
Pangborn Elementary School,3/10,4/10,,3/10
Fruitland Intermediate School,5/10,5/10,,3/10
Judge Sylvania W. Woods Sr. Elementary School,3/10,4/10,,3/10
Robert R. Gray Elementary School,2/10,5/10,,2/10
Dodge Park Elementary School,2/10,5/10,,2/10
Empowerment Academy,3/10,4/10,,2/10
New Town High School,4/10,,7/10,3/10
Samuel P. Massie Academy,2/10,4/10,,2/10
Panorama Elementary School,3/10,5/10,,3/10
Academy For College And Career Exploration,2/10,,2/10,2/10
Port Towns Elementary School,2/10,3/10,,2/10
Northwood Appold Community Academy,3/10,6/10,,2/10
Suitland Elementary School,2/10,5/10,,2/10
William W. Hall Academy,2/10,5/10,,2/10
Great Seneca Creek Elementary School,5/10,4/10,,2/10
Dr. Henry A. Wise Jr. High School,3/10,,4/10,3/10
Independence School Local I,2/10,,2/10,2/10
Imagine Lincoln Public Charter School,2/10,4/10,,2/10
Arcola Elementary School,2/10,4/10,,2/10
Afya Public Charter Middle School,2/10,4/10,,2/10
Friendship Academy Of Engineering And Technology,2/10,4/10,1/10,2/10
Vanguard Collegiate Middle School,2/10,5/10,,2/10
Baltimore I.T. Academy,2/10,4/10,,2/10
Baltimore Design School,2/10,6/10,,2/10
Andrew Jackson Academy,3/10,5/10,,3/10
City Neighbors Hamilton,4/10,3/10,,2/10
N.A.C.A. Freedom And Democracy Academy Ii,2/10,3/10,,2/10
Galena Elementary School,7/10,7/10,,2/10
Captain Walter Francis Duke Elementary,7/10,,,2/10
Lillie May Carroll Jackson School,2/10,,,2/10
Baltimore Collegiate School for Boys,2/10,,,2/10
Alexander Hamilton Elementary School,1/10,5/10,,1/10
Arundel Elementary/Middle School,1/10,4/10,,1/10
Bay-Brook Elementary School,1/10,4/10,,1/10
Belmont Elementary School,1/10,4/10,,1/10
Booker T. Washington Middle School,1/10,4/10,,1/10
Brehms Lane Elementary School,2/10,4/10,,2/10
Callaway Elementary School,2/10,5/10,,2/10
Calverton Elementary/Middle School,1/10,5/10,,1/10
Dr. Carter Godwin Woodson Elementary/Middle School,1/10,,,1/10
Cherry Hill Elementary/Middle School,1/10,4/10,,1/10
City Springs Elementary School,1/10,5/10,,1/10
Coldstream Park Elementary School,1/10,4/10,,1/10
Collington Square Elementary School,1/10,4/10,,1/10
Dallas F. Nicholas Sr. Elementary School,1/10,3/10,,1/10
Dr. Bernard Harris Sr. Elementary School,1/10,4/10,,1/10
Dr. Martin Luther King Jr. Elementary School,1/10,4/10,,1/10
Edgecombe Circle Elementary School,1/10,5/10,,1/10
Fallstaff Elementary School,1/10,4/10,,1/10
Fort Worthington Elementary School,1/10,4/10,,1/10
Furley Elementary School,2/10,5/10,,2/10
Furman L. Templeton Elementary School,1/10,6/10,,1/10
Gardenville Elementary School,1/10,4/10,,1/10
George Washington Elementary School,2/10,3/10,,2/10
Gilmor Elementary School,1/10,3/10,,1/10
Govans Elementary School,2/10,6/10,,2/10
Harlem Park Elementary School,1/10,5/10,,1/10
Highlandtown Elementary #237,2/10,4/10,,2/10
James Mchenry Elementary School,1/10,4/10,,1/10
James Mosher Elementary School,1/10,4/10,,1/10
Johnston Square Elementary School,1/10,3/10,,1/10
Margaret Brent Elementary School,2/10,4/10,,2/10
Mary E. Rodman Elementary School,1/10,3/10,,1/10
Matthew A. Henson Elementary School,1/10,4/10,,1/10
Northwestern High School,1/10,,1/10,1/10
Patterson High School,1/10,,2/10,1/10
Pimlico Elementary School,1/10,4/10,,1/10
Robert W. Coleman Elementary School,1/10,5/10,,1/10
Rognel Heights Elementary/Middle School,1/10,3/10,,1/10
The Historic Samuel Coleridge-Taylor Elementary School,1/10,,,1/10
Samuel F. B. Morse Elementary School,1/10,4/10,,1/10
Sarah M. Roach Elementary School,1/10,6/10,,1/10
Tench Tilghman Elementary School,1/10,4/10,,1/10
Westport Academy,1/10,5/10,,1/10
Guilford Elementary/Middle School,1/10,3/10,,1/10
Deep Creek Elementary School,1/10,4/10,,1/10
Overlea High & Academy Of Finance,1/10,,4/10,1/10
White Oak School,1/10,,,1/10
Gilpin Manor Elementary School,2/10,3/10,,2/10
Dufief Elementary School,9/10,7/10,,1/10
Kensington Parkwood Elementary School,9/10,7/10,,4/10
Annapolis Road Academy Alternative High School,1/10,,,1/10
Clinton Grove Elementary School,2/10,3/10,,1/10
District Heights Elementary School,2/10,4/10,,1/10
Forest Heights Elementary School,1/10,3/10,,2/10
Northwestern Evening/Saturday High,1/10,,1/10,1/10
Hillcrest Heights Elementary School,1/10,3/10,,2/10
Crossland Evening/Saturday High,1/10,,1/10,1/10
John H. Bayne Elementary School,2/10,5/10,,2/10
Harford Heights Elementary School,1/10,4/10,,1/10
Rosaryville Elementary School,2/10,4/10,,2/10
Connexions Community Leadership Academy,1/10,3/10,2/10,1/10
National Academy Foundation,1/10,3/10,3/10,1/10
Cora L. Rice Elementary School,1/10,3/10,,1/10
New Era Academy,1/10,3/10,1/10,1/10
Vivien T. Thomas Medical Arts Academy,2/10,,2/10,1/10
Coppin Academy,1/10,,6/10,1/10
Renaissance Academy,1/10,,2/10,1/10
Southwest Baltimore Charter School,2/10,4/10,,2/10
Baltimore Montessori Public Charter School,4/10,3/10,,1/10
New Hope Academy,1/10,,1/10,1/10
K.A.S.A. (Knowledge And Success Academy),1/10,3/10,2/10,1/10
The Reach! Partnership School,1/10,,2/10,1/10
East Baltimore Community School,2/10,5/10,,2/10
Monarch Academy Public Charter School,2/10,4/10,,1/10
Bluford Drew Jemison Stem Academy West,1/10,,3/10,1/10
Roots and Branches,1/10,3/10,,1/10
Phoenix Academy,1/10,2/10,1/10,1/10
Creative City Public Charter School,1/10,,,1/10
Edward M. Felegy ES,2/10,3/10,,2/10
Mary Moss at Adams Academy,1/10,,,1/10
Banneker Blake Academy for Arts and Sciences,1/10,,,1/10
Arnold Elementary School,10/10,8/10,,
Benfield Elementary School,10/10,8/10,,
Crofton Woods Elementary School,10/10,,,10/10
Deale Elementary School,9/10,,,
Folger McKinsey Elementary School,10/10,9/10,,
Jones Elementary School,10/10,6/10,,
Millersville Elementary School,10/10,,,
Severna Park Elementary School,10/10,8/10,,
West Annapolis Elementary School,10/10,8/10,,
Anne Arundel Evening High,,,,
Center Of Applied Technology-North,,,,
Center Of Applied Technology-South,,,,
Shipley's Choice Elementary School,10/10,8/10,,
The Keystone School,,,,
Canton Middle School,,,,
Baltimore IT Academy,,,,
Claremont School,,,,
K12 International Academy,,,,
Frederick Douglass High School,,,1/10,
George G. Kelson Elementary School,,,,
George W.F. McMechen High School,,,1/10,
Fernwood Montessori School,,,,
Harbor City High School,,,,
Henson Valley Academy,,,,
Lombard Middle School,,,,
Oak Grove Classical Christian School,,,,
William S. Baer School,,,,
Alternative Elementary School,,,,
Eager Street Academy,,,,
Francis M. Wood Alternative High School,,,,
Lois T. Murray Elementary School,,,,
Sharp-Leadenhall Elementary School,1/10,,,
Paul Laurence Dunbar Middle School,,,,
Frederick Elementary School,,,,1/10
George W. Carver Center For Arts & Technology,8/10,,9/10,9/10
Western School Of Technology & Env. Science,8/10,,10/10,10/10
Carroll Manor Elementary School,10/10,8/10,,
Chesapeake Terrace Elementary School,,,,5/10
Eastern Technical High School,,,10/10,10/10
Fifth District Elementary School,9/10,6/10,,
Milford Mill Academy,1/10,,5/10,1/10
Catonsville Center For Alternative Studies,,,,
Patapsco High & Center For Arts,3/10,,5/10,3/10
Pinewood Elementary School,10/10,9/10,,
Prettyboy Elementary School,8/10,7/10,,
Riderwood Elementary School,10/10,7/10,,
Rodgers Forge Elementary School,10/10,8/10,,
Jacksonville Elementary School,10/10,,,
Seventh District Elementary School,9/10,7/10,,
Sparks Elementary School,10/10,8/10,,
Meadowood Education Center,,,,
Rosedale Center,,,,
Afternoon Group Learning Centers,,,,
Evening High School,,,,
Home Teaching-Elementary School,,,,
Home Teaching-Middle/High School,2/10,,,
Sollers Point/Southeastern Technical High School,,,,
Timonium Elementary School,10/10,8/10,,
Calvert Country School,,,,
Career And Technology Academy,,,,
Caroline Career & Technology Center,,,,
Carroll Springs School,,,,
Carrolltowne Elementary School,9/10,7/10,,
The Auburn School, Baltimore Campus,,,
South Carroll High School,9/10,,9/10,4/10
Crossroads Middle School,,,,
Carroll County Career & Technology Center,,,,
Liberty High School,,,10/10,
Perryville Elementary School,,,,
Cecil County School Of Technology,,,,
Robert D. Stethem Educational Center,,,,
Judith P. Hoyer Early Childhood Center,,,,
Dorchester County Career And Technology Center,,,,
New Market Elementary School,10/10,6/10,,
Wolfsville Elementary School,8/10,8/10,,
Deer Crossing Elementary School,9/10,,,
Frederick County Evening High,,,,
Frederick County Career & Technology Center,,,,
Heather Ridge High School,,,,
Kemptown Elementary School,9/10,9/10,,
Heather Ridge Middle School,,,,
Bloomington Elementary School,,,,
Route 40 Elementary School,6/10,5/10,,
Swan Meadow School,,,,
Center For Educational Opportunity,,,,
Emmorton Elementary School,9/10,8/10,,5/10
Churchville Elementary School,10/10,8/10,,
Darlington Elementary School,9/10,7/10,,
Harford Technical High School,,,9/10,10/10
John Archer School,,,1/10,
Norrisville Elementary School,7/10,5/10,,
Mount View Middle School,10/10,6/10,,8/10
Bushy Park Elementary School,10/10,7/10,,10/10
Centennial Lane Elementary School,10/10,7/10,,
Clarksville Elementary School,10/10,8/10,,
Clarksville Middle School,10/10,7/10,,
Glenelg High School,9/10,,10/10,10/10
Lisbon Elementary School,9/10,6/10,,
Northfield Elementary School,10/10,6/10,,6/10
West Friendship Elementary School,10/10,8/10,,
Worthington Elementary School,10/10,8/10,,7/10
Ilchester Elementary School,10/10,6/10,,10/10
River Hill High School,10/10,,10/10,10/10
Fulton Elementary School,10/10,6/10,,9/10
Triadelphia Ridge Elementary School,10/10,8/10,,
Cedar Lane Special Center,,,,
Waverly Elementary School,10/10,8/10,,9/10
Pointers Run Elementary School,10/10,8/10,,9/10
Stephen Knolls School,,,,
Bannockburn Elementary School,10/10,8/10,,10/10
Bel Pre Elementary School,,,,
Bells Mill Elementary School,10/10,8/10,,10/10
Belmont Elementary School,9/10,6/10,,
Bethesda Elementary School,9/10,6/10,,10/10
Beverly Farms Elementary School,9/10,7/10,,7/10
Bradley Hills Elementary School,10/10,8/10,,10/10
Burning Tree Elementary School,10/10,8/10,,
Carderock Springs Elementary School,10/10,9/10,,
Carl Sandburg Center,,,,
Cold Spring Elementary School,10/10,8/10,,
Darnestown Elementary School,9/10,7/10,,
West Towson Elementary School,10/10,8/10,,
Arundel Christian School,,,,
Greenwood Elementary School,9/10,,,3/10
Lakewood Elementary School,10/10,8/10,,6/10
Longview School,,,,
Montgomery Knolls Elementary School,,,,
New Hampshire Estates Elementary School,,,,
Potomac Elementary School,10/10,7/10,,
Rosemary Hills Elementary School,,,,
Seven Locks Elementary School,10/10,8/10,,10/10
Takoma Park Elementary School,,,,
Travilah Elementary School,10/10,8/10,,
Wayside Elementary School,10/10,7/10,,
Westbrook Elementary School,9/10,8/10,,
Winston Churchill High School,,,10/10,9/10
Wood Acres Elementary School,9/10,7/10,,10/10
Woodfield Elementary School,9/10,8/10,,5/10
Wyngate Elementary School,10/10,8/10,,7/10
Thomas Edison High School Of Technology,,,,
Regional Institute For Children & Adolescents,2/10,,2/10,2/10
Alternative Programs,,,1/10,
Rock Terrace School,,,1/10,
Thomas W. Pyle Middle School,10/10,8/10,,10/10
Judith P. Hoyer Montessori School,6/10,6/10,,5/10
Berkshire Elementary School,,,,
Green Valley Academy At Edgar Allan Poe,,,,
John Carroll Elementary School,,,,
John Eager Howard Elementary School,,,,
Matthew Henson Elementary School,,,,
Middleton Valley Elementary School,,,,
Morningside Elementary School,,,,
Owens Road Elementary School,,,,
Croom Vocational High School,,,2/10,1/10
Benjamin Foulois Creative and Performing Arts Academy,,,,
Andrew Jackson Middle School,,,,
Centreville Elementary School,,,,
Kent Island Elementary School,,,,
J. M. Tawes Vocational Center,,,,
Deal Island School,6/10,6/10,,
Ewell School,,,,
Dr. James A. Forrest Career And Technology Center,,,,
St. Mary's County Evening High,,,,
Tilghman Elementary School,9/10,,,
Evening High School,,,,
Antietam Academy,,,,
Wicomico County Evening High,,,,
Beaver Run School,,,,
Charles H. Chipman Elementary School,,,,
Westside Primary School,,,,
Worcester Technical High School,,,,
Cedar Chapel Special School,,,,
Snow Hill Elementary School,8/10,,,5/10
Holy Family Catholic School,,,,
The Children's Guild,,,,
St. Peter's School,,,,
St John Catholic School,,,,
Notre Dame Preparatory School,,,,
Calvert Hall College High School,,,,
St. John the Evangelist School,,,,
St. Philip Neri Elementary School,,,,
Immaculate Conception School,,,,
Our Lady Of Perpetual Help School,,,,
Saint John the Evangelist Catholic School,,,,
Ascension Parish School,,,,
St Mary Catholic School,,,,
St Maria Goretti High School,,,,
Brookewood School,,,,
Monsignor Slade Catholic School,,,,
St. Michael School,,,,
St. John Regional Catholic School,,,,
Resurrection-St. Paul School,,,,
Shrine of Little Flower School,,,,
Shrine of the Sacred Heart School,,,,
St. Agnes School,,,,
St. Alphonsus-Basilica School,,,,
St Augustine School,,,,
St. Dominic Elementary and Midd,,,,
The New All Sts. Parish School,,,,
St Joan Of Arc School,,,,
St Mary Elementary School,,,,
St Marys High School,,,,
Archbishop Curley High School,,,,
Bishop John Neumann School,,,,
St. John Neumann School,,,,
Cardinal Gibbons School,,,,
Holy Angels Catholic School,,,,
Father Charles Hall Middle School,,,,
St Casimir Catholic School,,,,
Immaculate Heart Of Mary School,,,,
Institute Of Notre Dame,,,,
St. Bernardine Catholic School,,,,
Mercy High School,,,,
Our Lady Of Hope St Luke School,,,,
Our Lady of Fatima School,,,,
Archbishop Borders School,,,,
John Paul Regional Catholic School,,,,
Our Lady Of Mt Carmel School,,,,
Mount Saint Joseph High School,,,,
St Michael The Archangel School,,,,
St Mark School,,,,
Mother Seton School,,,,
Bishop Walsh School,,,,
St. Louis School,,,,
Mount De Sales High School,,,,
St. Stephen School,,,,
St. William of York,,,,
St Ursula School,,,,
St. Rose of Lima School,,,,
St Pius X School,,,,
St Clement Mary Hofbauer School,,,,
St Ambrose Catholic School,,,,
Arts & Ideas Sudbury School,,,,
Holy Family School,,,,
Archbishop Spalding High School,,,,
St. Elizabeth of Hungary Elementary School,,,,
St Frances Academy,,,,
School Of The Cathedral Mary Our Queen,,,,
St Francis Of Assisi School,,,,
John Carroll School,,,,
Holy Spirit School,,,,
The Seton Keough High School,,,,
Cardinal Shehan School,,,,
Sacred Heart of Mary School,,,,
Our Lady Of Victory School,,,,
St. Thomas Aquinas School,,,,
Loyola Blakefield,,,,
Visitation Academy,,,,
Barrie School,,,,
Julia Brown Montessori Schools,,,,
Christ Episcopal School,,,,
St. John's Episcopal School,,,,
Holy Trinity Episcopal Day School,,,,
Christian Community Fellowship,,,,
Paint Branch Montessori School,,,,
Friends School of Baltimore,,,,
Phillips School - Laurel,,,,
Riverdale Baptist School,,,,
Berwyn Christian School,,,,
The Barnesville School,,,,
Countryside Christian School,,,,
German International School Washington D.C.,,,,
The Bullis School,,,,
Indian Creek School,,,,
Oldfields School,,,,
Eagle Cove School,,,,
St Pauls School,,,,
Open Bible Christian Academy,,,,
Grace Brethren Christian School,,,,
The Wilkes School At Grace & St Peter's,,,,
St James Academy,,,,
Hebrew Day Institute,,,,
Israel Henry Beren High School,,,,
Bais Yaakov School For Girls,,,,
Talmudical Academy-Baltimore,,,,
Berman Hebrew Academy,,,,
Roland Park Country School,,,,
Pilgrim Christian Day School,,,,
Baltimore Middle & Upper School,,,,
St Paul Lutheran School,,,,
St Pauls Lutheran School,,,,
Concordia Lutheran School,,,,
Washington Classical & Christian School,,,,
Saint James School,,,,
Queen Anne School,,,,
Grace Episcopal Day School,,,,
Worcester Preparatory School,,,,
Green Acres School,,,,
Paradise Mennonite School,,,,
Salisbury Christian School,,,,
Victory Christian Academy,,,,
St Martins Lutheran Church School,,,,
The Primary Day School,,,,
Bowie Montessori Childrens House,,,,
St. Timothys Day School,,,,
Annapolis Area Christian School - Middle School,,,,
Washington Christian Academy,,,,
Kent School,,,,
Gilman School,,,,
West Nottingham Academy,,,,
Mcdonogh School,,,,
Severn School,,,,
The Tome School,,,,
Key School,,,,
Garrison Forest School,,,,
Glenelg Country School,,,,
Park School of Baltimore,,,,
The Bryn Mawr School,,,,
Holton-Arms School,,,,
Landon School,,,,
Norwood School,,,,
Grace Academy,,,,
Harbor School,,,,
Harford Christian School,,,,
Jemicy School,,,,
Perry Hall Christian School,,,,
The Journey School,,,,
Concord Hill School,,,,
Country School,,,,
The Gunston School,,,,
Mitchellville School,,,,
The Frost School,,,,
The Forbush School At Glyndon,,,,
Clinton Christian School,,,,
Carroll Christian Schools,,,,
Capitol Christian Academy,,,,
Broadfording Christian Academy,,,,
Arlington Baptist School,,,,
Truth Christian Academy,,,,
Huyetts Mennonite School,,,,
Tri-State Christian Academy,,,,
St. Elizabeth School,,,,
Willowbrook Childrens House,,,,
Takoma Academy,,,,
Baltimore Junior Academy,,,,
Atholton Adventist Academy,,,,
Beltsville Sda School,,,,
Crest Lane Sda Church School,,,,
Eastern Shore Junior Academy,,,,
Heritage Academy,,,,
Highland View Academy,,,,
John Nevins Andrews School,,,,
Mount Aetna Adventist School,,,,
Sligo Adventist School,,,,
St. Hughs School,,,,
Spencerville Adventist Academy,,,,
Susquehanna Adventist School,,,,
The Maryland School For The Blind,,,,
Hannah More School,,,,
Frederick Adventist Academy,,,,
Martin Barr Adventist School,,,,
Good Shepherd Catholic School,,,,
Immaculate Conception School,,,,
Mount Aviat Academy,,,,
Ss Peter & Paul Elementary School,,,,
St Francis De Sales Catholic School,,,,
Ss Peter & Paul High School,,,,
Archbishop Neale School,,,,
Bishop Mcnamara High School,,,,
Connelly School of the Holy Child,,,,
Dematha Catholic High School,,,,
Elizabeth Seton High School,,,,
Father Andrew White Sj School,,,,
Georgetown Preparatory School,,,,
Our Lady Of Good Counsel High School,,,,
Holy Angels Sacred Heart School,,,,
Academy Of The Holy Cross,,,,
Holy Cross School,,,,
Holy Redeemer Catholic Elementary School,,,,
Holy Redeemer School,,,,
Mother Catherine Spalding School,,,,
Mount Calvary Catholic School,,,,
Our Lady Of Lourdes School,,,,
Our Lady Of Mercy School,,,,
Don Bosco Cristo Rey High School,,,,
Our Lady Star of the Sea School,,,,
The Woods Academy,,,,
St. Mary's Ryken High School,,,,
St Ambrose Elementary School,,,,
St Andrew Apostle School,,,,
St. Bartholomew School,,,,
St Bernadette School,,,,
High Road School of Anne Arundel County,,,,
St. Bernard's Elementary School,,,,
St. Francis International School,,,,
St Catherine Laboure School,,,,
St Columba Catholic School,,,,
St Elizabeth Catholic School,,,,
St Jane De Chantal School,,,,
St. Jerome Academy,,,,
St John's Elementary School,,,,
St John The Evangelist School,,,,
St John The Evangelist School,,,,
St John The Baptist School,,,,
St. Joseph Catholic School,,,,
St. Jude School,,,,
St Martin Of Tours School,,,,
St. Mary School,,,,
St Marys Elementary School,,,,
St Mary Of The Assumption School,,,,
St. Mary's School,,,,
St Mary Of The Mills School,,,,
St. Mary's School,,,,
The Academy of Saint Matthias the Apostle,,,,
St Michaels School,,,,
St Michael The Archangel Catholic School,,,,
St Peter's School,,,,
St. Peter's School,,,,
St. Pius X School,,,,
St. Mary Star of the Sea School,,,,
Stone Ridge School Of The Sacred Heart,,,,
Little Flower School,,,,
Little Flower School,,,,
Mater Dei School,,,,
Chestertown Christian Academy,,,,
Lanham Christian School,,,,
St Andrew's Episcopal School,,,,
Catholic Community School,,,,
St James & St John School,,,,
Harford Day School,,,,
Saint John's Catholic Prep,,,,
Leonard Hall Jr Naval Academy,,,,
Independent Baptist Academy,,,,
Chesapeake Academy,,,,
Calvary Baptist Church Academy,,,,
Calvary Chapel Christian Academy,,,,
Odenton Christian Academy,,,,
Liberty Christian School,,,,
St. Paul's School for Girls,,,,
North Carroll Community School,,,,
The Calverton School,,,,
Frederick Christian Academy,,,,
The Banner School,,,,
Bel Forest Christian Academy,,,,
Antioch Christian School,,,,
Arnold Christian Academy,,,,
Good Shepherd School,,,,
Krieger Schechter Day School,,,,
Atonement Lutheran School,,,,
Baltimore Actor's Theatre - The Convervatory,,,,
Maranatha Baptist Church Academy,,,,
Bethel Christian Academy,,,,
Winchester School,,,,
Forcey Christian School Pk-8,,,,
Chelsea School,,,,
Hebrew Day School of Montgomery County,,,,
Chesapeake Christian School,,,,
C P C Health & Mgmt Advantage,,,,
Mater Amoris School,,,,
The Lourie Center School Of The Reginald S. Lourie,,,,
Beddow School - Ft Washington Campus,,,,
Grace Christian School,,,,
Victory Baptist Academy,,,,
Crisfield Christian Academy,,,,
Holly Grove Christian School,,,,
Salisbury Baptist Academy,,,,
The Heights School,,,,
Al-Rahmah School,,,,
Alpert Family Aleph Bet Jewish Day School,,,,
Baltimore Christian Academy,,,,
Bethel Christian Academy,,,,
Bethel Christian School,,,,
The Catholic High School of Baltimore,,,,
Chesapeake Christian School,,,,
Christ Church School,,,,
Community Services for Autistic Children,,,,
Divine Peace Elementary School,,,,
Bittinger Mennonite School,,,,
Kiddie Academy Child Care Lear,,,,
Evergreen Montessori School,,,,
First Baptist School Of Laurel,,,,
From the Heart Christian School,,,,
Grace Bible Baptist School,,,,
Grace Christian Academy of Maryland,,,,
Grace Lutheran School,,,,
Hagerstown Mennonite Fellowship School,,,,
Heritage Montessori School,,,,
Hillside Mennonite School,,,,
Hopewell Mennonite School,,,,
Islamic Community School,,,,
Julia Brown Montessori School,,,,
Lamb of God School,,,,
The Learning Community Interna,,,,
Mechanicsville Mennonite Chrst,,,,
Montessori International Childrens House,,,,
Mother of God School,,,,
Mountain Christian School,,,,
Mountain Top SDA School,,,,
Cambridge School,,,,
Muslim Community School/Alim Academy,,,,
National Christian Academy,,,,
Naval Academy Primary School,,,,
Belair Baptist Christian Academy,,,,
New Dominion School,,,,
New Hope Academy,,,,
New Life Christian School,,,,
Our Savior's School,,,,
Pleasant Valley Christian Academy,,,,
Ryceville School,,,,
Salisbury Mennonite School,,,,
Snow Hill Mennonite School,,,,
St. Jane Frances De Chantal School,,,,
St. Katharine School,,,,
The Summit School,,,,
Sunny Meadow School,,,,
Swanton Mennonite Fellowship School,,,,
Life Source Christian School,,,,
Torah Institute,,,,
Unselds School,,,,
Jemicy School - Upper School,,,,
Epworth Childrens Center,,,,
Washington Episcopal School,,,,
Washington New Church School,,,,
The Washington-Mclaughlin Christian School,,,,
Hampshire View Christian School,,,,
Cornerstone Christian Academy,,,,
Friends Community School,,,,
Oneness Family School,,,,
St Annes School Of Annapolis,,,,
Chapelgate Christian Academy,,,,
Community Initiatives Academy,,,,
The Children's Learning Center,,,,
Baltimore White Marsh Adventist School,,,,
Beddow School - Waldorf Campus,,,,
Baptist Christian School,,,,
The Mill School,,,,
Focus Point School,,,,
Hamilton Christian Center,,,,
Loveville Mennonite School,,,,
Salem School,,,,
Parkway Christian Academy,,,,
Saint Andrew's Day School,,,,
Starmaker Learning Center,,,,
Pathways School-Springville,,,,
Baltimore Christian School,,,,
Bay Montessori School,,,,
Kiddie Academy Kingsville,,,,
Children's Manor Montessori,,,,
Brooklyn Park Christian Academy,,,,
Columbia Academy Elementary and Middle School,,,,
Covenant Life School,,,,
Emmanuel Lutheran School,,,,
Free Gospel Christian Academy,,,,
The Greenmount School,,,,
Community School of MD @ Jacks,,,,
Celebration Christian Academy,,,,
Greenspring Montessori School,,,,
Mitchellville Montessori School,,,,
Kiddie Academy of Towson,,,,
Mother Seton Academy,,,,
The Baltimore Academy,,,,
San Mar Children's Home,,,,
Sought Out Redeemed Christian School,,,,
Southern Md Christian Academy,,,,
St Ignatius Loyola Academy,,,,
The Greentree School,,,,
The Odyssey School,,,,
Torah School Of Greater Washington,,,,
Van Buren Street Baptist School,,,,
Victor Cullen Academy,,,,
Al-Huda School,,,,
Rabbi Benjamin Steinberg Middle School,,,,
Chesapeake Christian School,,,,
The Ridge School Of The Eastern Shore,,,,
Academy Primary School & Child Development Center,,,,
Clover Hill Mennonite Parochial School,,,,
Cross Cultures Learning Center,,,,
Elvaton Christian Academy,,,,
Emmorton Baptist Academy,,,,
Living Word Preparatory School,,,,
Hope Academy,,,,
Laurel Hall School - Hagerstown,,,,
Leary School Prince Georges County,,,,
The Kings Christian Academy,,,,
The Manor Montessori School,,,,
Mary Of Nazareth School,,,,
Budds Creek School,,,,
James Run Christian Academy,,,,
New Covenant Christian Academy,,,,
Oak Hill House School,,,,
Oak Ridge Country School,,,,
Pioneer Baptist Church School,,,,
Radcliffe Creek School,,,,
Redeemer Classical Christian School,,,,
Linwood Center,,,,
Shiningtree School,,,,
St. Anns High School,,,,
The Jefferson School,,,,
Beddow Jr/Sr High School,,,,
Villa Maria School At St Vincent's,,,,
Woodside School,,,,
Redwood Montessori Academy,,,,
Bethlehem Christian Day School,,,,
Calvary Christian Academy,,,,
Calvary Lutheran School,,,,
Faith Baptist School,,,,
Christ the King Academy,,,,
Lake Shore Christian Academy,,,,
Maryvale Preparatory School,,,,
St Peters Christian Day School,,,,
Wesleyan Christian School,,,,
Hudson SDA School,,,,
Calvary Lutheran School,,,,
Free State Montessori School,,,,
Mount Airy Christian Academy,,,,
Gateway Christian Academy,,,,
George E Peters Adventist School,,,,
Trinity Lutheran School,,,,
The Peake Academy,,,,
The Tidewater School,,,,
St Vincent Pallotti High School,,,,
Faith Baptist Christian School,,,,
Patuxent Montessori School,,,,
Cardinal Hickey Academy,,,,
Renaissance Christian Academy,,,,
Progressive Christian Academy,,,,
Butler School,,,,
Church of the Redeemer Christian School,,,,
Columbia Montessori School,,,,
Tree of Life Christian Academy,,,,
Faith Christian School,,,,
Vision Christian Academy,,,,
Apple Ridge Montessori School,,,,
Frederick Montessori School,,,,
Lighthouse Christian Academy,,,,
Quality Time Early Learning Center,,,,
Cornerstone Christian Academy,,,,
Charles E Smith Jewish Day School,,,,
Trinity School,,,,
St. Joseph Elementary School,,,,
Ruxton Country School,,,,
St. Timothys School,,,,
Book Of Life Academy,,,,
Seneca Academy,,,,
Mechanicsville Mennonite School,,,,
Mt Zion Baptist Christian School,,,,
Pathways School - Northwood At Hyattsville,,,,
Bright Stars Learning Academy,,,,
Academy of the Child,,,,
Amigonian School,,,,
An-Nur Academy,,,,
Open Hands Christian Academy,,,,
Asbury Town Neck Christian Academy,,,,
Baltimore Academy of Excellence,,,,
Center For Creative Learning,,,,
Ebenezer Christian School,,,,
Fairhaven School,,,,
Faith Christian Academy,,,,
New Visions Academy,,,,
Friends Meeting School,,,,
Gateway Christian Academy,,,,
God's Church International Higher Learning,,,,
Gospel Light Baptist Academy,,,,
Hattie Sams Learning Center,,,,
Annapolis Area Christian School - Elementary School,,,,
The Highlands School,,,,
Rockbridge Academy,,,,
The Julia Brown Montessori Schools,,,,
Kingsway Academy,,,,
Lighthouse Christian Academy,,,,
Maranatha Christian Academy,,,,
New Life Academy,,,,
New Mark Of Excellence School,,,,
Oakmont School,,,,
Olney Adventist Preparatory,,,,
Rock Junior Academy,,,,
Boonsboro Christian Academy,,,,
Woodbourne School,,,,
Wood Burn Hill School,,,,
Word of Life Christian Academy,,,,
Love of Learning Montessori School,,,,
St Pauls Lutheran School,,,,
Julia Brown Montessori School,,,,
St Martin's In-The-Field Day School,,,,
Wicomico Day School,,,,
Hagerstown Childrens School,,,,
Lime Kiln Middle School,9/10,8/10,,10/10
Fruitland Primary School,,,,
Century High School,,,10/10,9/10
F. B. Gwynn Educational Center,,,,
Forest Hill Elementary School,10/10,8/10,,
Applications And Research Laboratory,,,,
Thurmont Primary School,,,,
Advent Lutheran Elementary School,,,,
Brookeville Christian Academy of Arts and Sciences,,,,
The Maryland International Day School,,,,
Digital Harbor High School,2/10,,1/10,2/10
Reginald F. Lewis High School,,,2/10,1/10
Dr. Samuel L. Banks High School,,,,
Monocacy Valley Montessori School,8/10,6/10,,
Possibility Stem Preparatory Academy,,,,
Crossroads Adventist School,,,,
St. Johns Parish Day School,,,,
Calvert School,,,,
Dayspring Christian Academy,,,,
Foundation Schools,,,,
Elementary School of St. Marks,,,,
Faith Deliverance Academy,,,,
Upper Mountain View School,,,,
Beth Tfiloh Dahan Community School,,,,
Freedom Christian Academy,,,,
Friendship Adventist School,,,,
Ivymount School,,,,
Friendship School,,,,
Friendship School,,,,
Boys Latin School of Maryland,,,,
Glen Burnie Nazarene Christian School,,,,
Gods Excellent Disciples Christian Academy,,,,
Grace Christian Preparatory Ac,,,,
Grace Episcopal Day School,,,,
Harbour School at Baltimore TH,,,,
Gateway School,,,,
High Road Academy,,,,
Holy Trinity Episcopal Day School,,,,
The Inter Faith Academy,,,,
The Jefferson School At Finan Center,,,,
Jefferson School at Way Statio,,,,
The Benedictine School,,,,
Kehillat Montessori - Kemp Mill Montessori School,,,,
Kennedy Krieger High School Ca,,,,
Holden Montessori Day School,,,,
Kiddie Academy Of Oxon Hill,,,,
Kingdom Christian Academy,,,,
Kings Landing Academy,,,,
Emmanuel Christian School,,,,
Chimes School,,,,
Bowling Brook Preparatory School,,,,
Jamon Montessori Day School,,,,
Grafton School,,,,
Highland Park Christian Academy,,,,
Henson Valley Montessori School,,,,
Christian Family Montessori School,,,,
Thomas Jefferson Preparatory School,,,,
Firm Foundation & Faith Academy,,,,
Frederick Country Day Montessori School,,,,
The Harbour School At Annapolis,,,,
Kennedy Kreeger Fairmount School,,,,
Salem Education Center,,,,
Georgetown Hill Child Care Center,,,,
Chesapeake Alternative School,,,,
Shorehaven School,,,,
Glenwood Country Day School,,,,
Lycee Rochambeau French International School,,,,
Miracle Baptist Christian School,,,,
Montessori School Of Westminster,,,,
Visionquest Morning Star Youth Academy,,,,
Mount Clare Christian School,,,,
NCL: the Nazarene Christian Le,,,,
North Carroll Christian Academy,,,,
New Beginnings Christian Academy,,,,
Pathways School-Hyattsville,,,,
Faith Arts Academy,,,,
Seaside Christian Academy,,,,
Our Lady Of Grace School,,,,
Our Lady of the Rosary High School,,,,
Pathways School - Hyattsville,,,,
Primary Montessori Day School,,,,
Childway,,,,
Progressive Christian Day & Preparatory Academy,,,,
Providence Christian School,,,,
Rosedale Baptist School,,,,
The Arrow Center For Education,,,,
Community School Of Maryland,,,,
Severna Park Children's Centre,,,,
Salisbury Christian School,,,,
School of Original Thought,,,,
Severna Park Christian School,,,,
Shabach! Christian Academy,,,,
Shalheves High School,,,,
Shiloh Christian Academy,,,,
Sidwell Friends Academy,,,,
St Stephens Classical Christian Academy,,,,
Crossland Latin School,,,,
St. Thomas More Academy,,,,
Stepping Stones Learning Academy,,,,
School Of The Incarnation,,,,
Taylor School,,,,
Beth-El,,,,
Harry and Jeanette Weinberg Academy,,,,
Waldorf School of Baltimore,,,,
London Towne Academy,,,,
Maple Shade School,,,,
Well Watered Wells Leadership Academy,,,,
The Nora School,,,,
Villa Maria School,,,,
Katherine Thomas School,,,,
Calvary Weekday School,,,,
Villa Maria School,,,,
Transition Program at Frostburg,,,,
Central Special School,,,,
Marley Glen School,,,,
Ruth Parker Eason School,,,,
Thurgood Marshall High School,,,,
Doris M. Johnson High School,,,,
Battle Monument School,,,,
Maiden Choice School,,,,
Ridge Ruxton School,,,1/10,
Gateway School,,,,
Rock Creek School,,,,
Homewood School,,,,
Folly Quarter Middle School,10/10,9/10,,
Rica-Southern MD,,,,
Community Based Classrooms,,,4/10,
Tanglewood Regional Center,,,,
James E. Duckworth Regional Center,,,,
C. Elizabeth Rieg Regional Center,,,1/10,
Margaret Brent Regional Center,,,,
Edgar Allan Poe Alternative School,,,,
William Schmidt Environmental Center,,,,
Howard B. Owens Science Center,,,,
Marshall Street School,,,,
Washington County Job Development Center,,,,
Arundel Bay Christian Academy,,,,
Sacred Heart Elementary School,,,,
Yeshiva Of Greater Washington Girls Division,,,,
McLean School of Maryland,,,,
Cedar Ridge School,,,,
Granite Baptist School,,,,
Ucp Delrey School,,,,
Aleem Academy,,,,
Bais Hamedrash & Mesivta of Baltimore,,,,
Bnos Yisroel,,,,
Carroll Lutheran School,,,,
Colonial Christian Academy,,,,
Eastern Shore Structured Shelt,,,,
Life Source Christian School,,,,
Genesis Christian Academy,,,,
High Road Academy of Prince George,,,,
Hope Creek Youth & Family Center,,,,
Liberty's Northwest Children's School,,,,
Lighthouse Christian Academy,,,,
French International School,,,,
Montessori Manor,,,,
New Covenant Christian School,,,,
New Directions Academy,,,,
Pathways School - Duval Re-Ent,,,,
S.A.C.R.E.D. Life Academy for Boys,,,,
The Arrow Center for Education-Fair Meadows,,,,
The Forbush School At Westminster,,,,
The Pathways School--Anne Arun,,,,
Washington United Christian Academy,,,,
Yeshiva Of Greater Washington Boys Division,,,,
Yeshivas Lev Shlomo,,,,
Broadwater Creek Academy,,,,
Crossway Community Montessori School,,,,
Lucy School,,,,
New Horizon CDC Summit,,,,
School of Original Thought,,,,
Genisus Learning Center,,,,
Cabin John/Brookmont Children,,,,
Ferndale Christian School,,,,
Greater Grace Christian Academy,,,,
Niverton Amish School,,,,
The Foundation School,,,,
Foundation Intermediate School,,,,
Guide Catonsville Structured School,,,,
Maryland Gospel Assembly School,,,,
The Ridge School Of Montgomery County,,,,
New Visions Academy Of Baltimore,,,,
Nist Child Care Center,,,,
Thomas Ofarrell Youth Center,,,,
Youth In Transition School,,,,
The Children's Guild at Anne Arundel County,,,,
High Road School Of Baltimore County,,,,
New Foundations,,,,
Bowie Christian School,,,,
Building Youth,,,,
The Independent Jewish Academy of Baltimore,,,,
St. Raphael School,,,,
Baltimore County Home & Hospital,,,,
Augusta Fells Savage Institute Of Visual Arts,1/10,,1/10,1/10
Calvert County Alternative School,,,,
Flexible Student Support,,,,
Post Secondary Program,,,,
Pride School,,,,
Cradlerock Elementary School,,,,
Mcps Transitions School,,,,
Woodstream Christian Academy,,,,
Feynman School,,,,
City Neighbors Charter School,4/10,4/10,,2/10
Parr's Ridge Elementary School,,,,
High Road School Of Southern Maryland,,,,
Annapolis Area Christian School - High School,,,,
Bridges Montessori,,,,
Most Blessed Sacrament Catholic School,,,,
Harbour School At Baltimore,,,,
Strawbridge School Extension Program,,,,
Thornton Friends School - Upper,,,,
Children's Guild-Anne Arundel County,,,,
Sisters Academy Of Baltimore,,,,
Harford Lutheran School,,,,
Phoenix Resource Program,,,,
Ridge School Of Anne Arundel County,,,,
Sandy Spring Friends School,,,,
Ets Chaiyim School,,,,
Baltimore Lab School,,,,
Gerstell Academy,,,,
Pathways School - Springville Re-Entry,,,,
True Gospel Christian Academy,,,,
Jessie B. Mason Regional School,,,,
Cornerstone Academy,,,,
Dr Thomas L Stephens Academy,,,,
Cathedral Christian Academy,,,,
National Children's Center School/Maryland Site,,,,
Kennedy Krieger At Southern High School,,,,
Zion Christian Middle School,,,,
The Forbush School at Margaret Brent,,,,
Hannah More At Severna Park High School,,,,
Trinity School Of Frederick,,,,
The Lodge School,,,,
Bais Yaakov Eva Winer High School,,,,
Social Secur-A-Kiddie Center--Woodlawn,,,,
Avalon School,,,,
The Shoshana S Cardin School,,,,
Kingsway Academy,,,,
High Road School Of Prince George's County,,,,
Wye River Upper School,,,,
First Steps Preschool & Covenant,,,,
Chesapeake Montessori School,,,,
Robert Franklin Stokes Christian School 4 the Arts,,,,
Mother Mary Lange Catholic School,,,,
Church Of The Redeemer Day School,,,,
St Margaret School,,,,
Washington Waldorf School,,,,
St. Margaret of Scotland Catholic,,,,
Beginnings Montessori School,,,,
St Stephens Christian Academy,,,,
Our Lady of Mount Carmel Elementary School,,,,
Kidsco Day Care,,,,
Relay Children's Center,,,,
Greenwood School,,,,
Jericho Christian Academy,,,,
The Salisbury School,,,,
Casa De Montessori School,,,,
Glenwood Academy,,,,
St Philip the Apostle Catholic School,,,,
New Chapel Christian Academy,,,,
Melwood Child Development Center,,,,
Waldorf Christian Academy,,,,
The Green School,5/10,4/10,,1/10
Middletown Primary School,,,,
Roscoe R Nix Elementary School,,,,
Dayton Oaks Elementary School,10/10,7/10,,10/10
Restoration Alternative Academy Charter School,,,,
Academy of Achievement,,,,
Agape Christian Academy,,,,
Barren Creek Christian Academy,,,,
Calvary Baptist School,,,,
Cambridge Christian Academy,,,,
Christian Bible Academy,,,,
Excellence Christian School,,,,
GLA Academy School of Excellence,,,,
Grace Baptist Academy,,,,
Greater Mt Nebo Christian Academy,,,,
Greater Youth Christian Academy,,,,
Hannah More at Chesapeake High School,,,,
Friends School of Harford,,,,
High Road School Of Cecil County - Elkton,,,,
High Road Upper School of Prince George's County,,,,
Hope Christian Academy,,,,
Hopewell Academy,,,,
Imani Christian School,,,,
Lighthouse Christian Academy,,,,
Mays Woodson Christian Academy,,,,
Mount Pleasant Christian School,,,,
New Spiritual Foundation Edu,,,,
Open Bible Academy,,,,
Pleasant Rock Christian School,,,,
Premier Academy,,,,
Purpose & Potential Arts Academy,,,,
Reid Temple Christian Academy,,,,
Board Of Child Care Strawbridge School,,,,
Teaching & Learning Institute,,,,
The Foundation School of Montgomery County,,,,
Meadowview Amish School,,,,
The Siena School,,,,
Thee Christian School,,,,
Union Bethel Christian Academy,,,,
Willow Park Academy,,,,
Kid's Hill Daycare,,,,
Crossroads Center,,,,
Patterson Mill High School,8/10,,7/10,10/10
Chesapeake Charter School,9/10,7/10,,
The Auburn School, Silver Spring Campus,,,
New Beginnings Formerly Oak Hill,,,,
Glenn Dale Montessori,,,,
Elijah School,,,,
The Legacy School,,,,
All-State Career School,,,,
Princeton Day Academy,,,,
Chesapeake Speech,,,,
Cristo Rey Jesuit High School,,,,
The Diener School,,,,
Faith Christian Fellowship Academy,,,,
Family Academy of Bethesda The,,,,
The Forbush School At Prince Georges County,,,,
Forbush School At Oakmont Upper School The,,,,
Gods Little Cherubs Elementary School,,,,
Grace Episcopal Day School,,,,
Griggs International Academy,,,,
Helping Hands Child Development Academy,,,,
Holiness Christian Academy,,,,
Jabez Christian Academy,,,,
Kemp Mill Montessori School Kehillat Montessori,,,,
Laurel Hall School - Frederick,,,,
Learning Cooperative The,,,,
Living Grace Christian School,,,,
The Maddux School,,,,
Marcia D Smith School,,,,
Mount Jezreel Christian School,,,,
Mount Pleasant Christian School,,,,
New Spiritual Foundation Christian Academy,,,,
Oakdale Christian Academy,,,,
Pathways School - Crossland Re Entry,,,,
Pathways School - Hyattsville,,,,
Pin Cushion Mennonite School,,,,
Play & Learn at Annapolis,,,,
Princeton Day Academy,,,,
St Demetrios Greek Orthodox Bilingual Day School,,,,
Clara Muhammad School,,,,
St Patrick School,,,,
St Joseph's School,,,,
Stone Bridge Academy,,,,
Thomas Jefferson Preparatory School,,,,
Trellis School The,,,,
Villa Maria School Of Harford County,,,,
Woodbourne School At Conrad,,,,
Yang Academy,,,,
Hickory Hollow School,,,,
The New Century School,,,,
Compass Academy,,,,
Essex Children's Center,,,,
Nia Imani Academy of Excellence,,,,
Carroll Creek Montessori Public Charter School,4/10,3/10,,
Chester River Adventist School,,,,
Budds Creek Amish Parochial School,,,,
Community School Of Md At Northwood High School,,,,
Denton Run Amish Parochial School,,,,
Echelon Academy,,,,
Flintstone Mennonite School,,,,
Forbush School At Anne Arundel The,,,,
Forbush School At Hunt Valley,,,,
Fox Lumber Amish Parochial School,,,,
Glenn Dale Montessori School,,,,
Gods Little Angels Academy,,,,
Guiding Light Christian Academy,,,,
Hannah More At North Carroll High School,,,,
Kemet Daycare Center #2,,,,
Kennedy Krieger School,,,,
Kennedy Krieger School Greenspring Campus,,,,
Lighthouse Christian Academy,,,,
Mesivta Neimus Hatorah,,,,
New Horizon Child Development Center,,,,
Open Door Christian School,,,,
Pathways School Anne Arundel,,,,
Resurrection St Paul School,,,,
Ryceville Amish Parochial School,,,,
School For Tomorrow,,,,
Seaside Christian Academy,,,,
Silver Oak Academy,,,,
Sulam School,,,,
Sunny Meadow Amish Parochial School,,,,
The Auburn School,,,,
The Mann Residential School,,,,
The Montessori Schools,,,,
Trinity Run Amish Parochial School,,,,
Unseld's Developmental Center,,,,
Westham Amish Parochial School,,,,
Woodburn Hill Amish Parochial School,,,,
Academy Of Health Sciences At Pgcc,,,8/10,
Ruth Ann Monroe Primary,,,,
The Community School,,,,
Frederick Classical Charter School,9/10,7/10,,10/10
International Connections Academy,,,,
Windsor Christian Academy,,,,
Annapolis TALS Education Program,,,,
Baltimore School of Independent Learners,,,,
Fellowship Christian School,,,,
Maryland International School STEM Academy,,,,
Bard High School Early College,6/10,,,5/10
Hallie Wells Middle School,,,,
St Joseph Elementary School,,,,
Studio 39,,,,
International High School @ Largo,,,,
International High School @ Langley Park,,,,
Jonathan Hager Elementary,,,,
